database_identifier,group_type,CHEBI:15428,CHEBI:15603,CHEBI:15891,CHEBI:15971,CHEBI:16015,CHEBI:16283,CHEBI:16414,CHEBI:16467,CHEBI:16643,CHEBI:16737,CHEBI:16828,CHEBI:16857,CHEBI:16977,CHEBI:17115,CHEBI:17126,CHEBI:17191,CHEBI:17196,CHEBI:17203,CHEBI:17295,CHEBI:17895,CHEBI:18019,CHEBI:18050,CHEBI:18102,CHEBI:18211,CHEBI:18257,CHEBI:20392,CHEBI:28683,CHEBI:28867,CHEBI:57589,CHEBI:73025,CHEBI:7676
METAB01_Smpl_51,Case,0.9077382799541308,1.530815229317572,1.0137081808459771,-0.4540787144042852,1.5875137274055384,-0.49784532005168597,1.6356615544118753,1.1096407276022962,0.5010943133287832,0.4529117983311157,-0.4083046380841146,-0.3805364691448984,1.1764253857530154,1.3706179618753482,1.4682110245342554,-0.3612157286456173,-0.002030729819183299,-0.8770538875671412,2.94997137239853,1.27322442724631,0.10400075867852063,-0.33403207572800736,2.063749083801416,-1.7764731077839533,0.06104312817619977,-0.7933607120442928,3.184005243491344,0.5731205049457883,1.3576130823230126,1.5480802545092467,0.5353655286966822
METAB01_Smpl_37,Case,-0.2965732419097328,0.07679504586369172,-0.9575909665901409,-1.2938158034357856,0.15025919951708516,0.4242431155794136,-1.3242916596271856,-2.355612909954441,-1.1723869604066497,-2.263220098107045,-1.7213129833972107,0.005035602699180282,0.4056907713351229,0.6623985178400569,-1.9109967390735865,-1.1413905460565115,-0.7505164335165818,-1.5393606343770319,-0.5316524461292169,-1.2223265360745492,-1.7001173967732213,-0.8448645078499811,-0.6003104507522795,-2.0808193477531547,-0.5977169768398781,-0.6519530859731936,-0.4644504925879979,-1.6597943535927033,-0.39741530488927496,-1.0694853137330802,-0.5309299712087955
METAB01_Smpl_36,Case,0.46252038062125334,0.471204455913611,-0.057114901819028834,-0.39487766950906533,-0.45041763760220666,0.48952172275872463,-0.8288926041946582,-0.03030939011147321,0.23137394694687427,-1.9156820853564234,-0.41373866639982654,0.4630329998143052,1.9765024848191461,0.8210715527861121,-1.2224605460334064,-0.8270587705889871,0.35347682593640467,0.3926166701225107,-0.10493765435413427,-0.2738586606834728,-0.7135651490656439,-0.47544410317009933,-0.4189318563913551,-1.6589293123018996,-0.9141449522800478,-0.1405587282378704,-0.9661080646339828,-1.2851400966801814,-1.239320972216652,-0.9983578126238003,-1.2003014876771267
METAB01_Smpl_07,Case,-0.8520908514360862,0.2551225663303976,0.26735580671068027,-0.8472482668737831,0.3831345892384281,-0.6135327188155656,-0.8845688970517714,-1.7638337964026578,-1.1382813453594591,-0.6121629613759004,-1.0780438839705084,-1.081869850362252,0.5017079035639087,-0.8343938292415853,-0.5184195666367717,-0.7594953442267929,-0.400064857340965,0.5800627430082106,-0.467759698522908,-0.3378890667350955,-1.0562763423298942,-1.4955370885494925,-0.1591173368191602,-0.06812721221691552,-0.33476919569619784,-0.8164011245657614,0.1411732668482779,-0.5819278025250681,-0.1816863153664978,-0.7352907271785168,-0.19521608313352418
METAB01_Smpl_11,Case,-0.7347330712871379,-0.09275624534677784,-0.11137252163360807,-0.5266376150735033,0.8102785946256396,-0.238912844308718,-1.3966152502987306,-1.6013813860181032,-1.2203044441363429,-1.4482566027567996,-1.608421532572025,-0.5542721236320702,0.191780169929122,-0.7547627259381526,-1.1444877828955513,-1.5253342279623494,-0.14816125419509002,-1.0299602886985055,-1.5359162336667431,-1.2320178968100675,-0.5990562406575983,-1.214026431576324,-0.6656979827981676,-0.653187183406219,0.08165030104686873,-2.4576826910282135,-0.41017599365042073,-1.5539089328912008,-0.7660971125481502,-0.9917518316193581,-0.4806037675171804
METAB01_Smpl_13,Case,0.117043607520517,0.8289507711209209,0.23565976984294135,-1.099314117572782,2.033301047741051,-3.332522938550975,-0.021737525946639046,-1.4586693697775548,-1.1232742657131145,-1.5098226648044997,-2.398721088838568,-0.7014206357762858,0.7792713079260624,0.9746696368248533,-1.1164092998670812,-0.5681867836606037,-0.08959569045136491,-1.0785929125482592,0.6875124377906967,-0.6042350512959619,-1.0860763782417155,-3.781637684469481,-0.4531685881499855,-1.7839632813119821,0.12428955669435279,-2.8691069197841994,-0.695716696313016,-0.7759719383867894,0.7184907203727388,-0.4545457022500696,-0.6781321465001698
METAB01_Smpl_24,Case,-2.002936728196572,0.24300659923254264,-0.4954422358487636,-0.9329578626023145,-0.9478442919272072,-1.269099483442891,-0.9017763181178773,-1.6150385497578374,-1.098415838066257,-1.3024340706437942,-1.7273437676818342,-1.4246819754232263,0.01187093913111931,-1.6376867975741132,-1.6991242551882069,-0.7513169409342766,-1.220322585846762,-2.046597899622597,-1.1157320968845668,-2.514220567481057,-2.1071447207145506,-2.058880791934114,-0.3449147517988732,-2.1635738443877917,-1.7629009588777174,-2.361651719756651,-0.7854476051857111,-1.8355003455454495,-0.8993996050040824,-1.0420644752830266,-1.3823543156214968
METAB01_Smpl_23,Case,-0.6117539907805684,-0.08461749250438276,0.04143388788594249,-1.5096951633649698,-0.42346668553678996,-1.1202786816367674,-1.0367110522717475,-0.14586697278279978,0.3364510115981069,-1.171705416293399,-0.7491990245170808,0.6136680207515696,1.5111628526803556,0.1902279584447054,-0.7137658531052016,-0.9427847009219081,-0.006582393799552193,-0.959675511359208,-0.8251989063045209,-0.39205865372070114,0.10165502098202525,-1.87060268853284,0.07872773344793443,-1.0013698399404596,-0.7770799482380623,0.8471658520666897,-0.8387478909356434,0.1178377433228914,0.3253483439598818,-0.6286361543557051,-0.6056101658841063
METAB01_Smpl_27,Case,-1.9971418353364467,-0.24544712169075805,-1.0172029765414698,-1.7072050321771843,-0.6692586070503972,-0.9074479432855149,-1.4135466282158637,-0.5245103891004101,-1.5224617440943864,-1.3694991850490394,-0.9871875515319665,-1.9861955416760673,-0.06078699543597247,-1.6458668124269238,-1.4297419508568394,-1.507428487796567,-1.2757124135465558,-1.740218694967257,-0.7259774642140188,-0.7300883677604056,-1.610730709450334,-1.852229882520355,-0.3991747853496833,-1.3602146157324015,-1.421906227250036,-1.9299924410992375,0.24400887425057188,-0.9879664432431624,-0.5955556308823406,-0.8730292095561617,-1.0631404354103149
METAB01_Smpl_28,Case,-1.9157538955939128,0.0941668069716552,-1.7692204120842026,-1.0911340286269358,-0.35899617715105403,-0.8825961829931119,-0.4362337725107794,-2.0860744593756437,-1.1642069676948603,-1.8293878256048177,-0.6701162930020832,-0.7845031014429393,1.361093116875864,-1.464246150005226,-1.5297636083552941,-0.7986263363806313,-1.346008494514031,-0.7520948365415564,-1.9557132174615945,-0.4773236702375194,-1.526269565164873,-1.3944284149658197,0.16448570297782583,-1.3931584148642828,-0.7168889606935781,-1.2042205984679322,0.5358415523265616,-1.293104643684987,-0.2742266368388293,-1.1710181749137536,-1.2622823592002739
METAB01_Smpl_55,Case,-0.19899093269503548,0.8640293049405088,1.7057631433902274,-0.2642982849002526,-0.724020250576493,-2.1974780016004645,0.416110551599971,-0.1774687774559487,-0.333282494854446,-0.6796171478008773,-0.3929137499045983,-0.7187485172126834,0.12780455182346506,-0.5041751608878432,-1.0878108546650318,-0.06689967103961554,-1.0568943141837568,-0.6158422961462707,-0.6712916494160874,-0.7874897324301434,-0.23424909543733202,0.6713373550254929,1.2248311987342768,-0.8185696966946967,-1.1851074681727714,-0.4580088503019987,-0.9350186572004343,-0.6198316884882678,0.9436919872638605,-1.0702373628001103,-0.9592949162669206
METAB01_Smpl_32,Case,-1.637654029321959,0.09854225149737095,-0.7929355978816519,-1.903705320019851,-1.7262493984908733,-1.980325740956856,-2.6151817852358445,-1.805886103374184,-1.4883165619938172,-2.11109808225151,-2.6850770183808277,-2.061178341318215,-0.4537500945227302,-2.118375260799694,-2.020417266492689,-0.8898158014341312,-1.41189945417268,-1.1401001548375382,-2.0023002578811675,-1.3332716619075409,-1.623020977227532,-1.850664614431711,-0.24472092221112315,-2.1730396192182813,-1.5071824743694717,-0.7818306415981439,-0.5413725368398256,-1.3618638081514618,1.68372169558764,-1.029562249922243,0.1732310840276321
METAB01_Smpl_52,Case,-0.13484978581702312,0.6042845111581898,1.8893402066386489,-0.41355885279806476,2.0408168034554666,1.3004643095380009,0.8120825680889556,1.227380091474261,0.10559828717935725,-1.4589424623257305,0.6479530075879572,1.1222489577490116,1.7127683565955723,0.15343392587729424,-0.19706987568325712,-1.1174964149389197,0.7531025761794891,0.7040863555806074,0.7959969498278905,1.0576873452139735,0.19649199564906394,-0.8793326532077099,1.0369160677125195,-0.3061794040125708,-0.023632233719844752,0.9260577618662518,-0.4881691704891392,0.05421838946749359,-0.2531863216646055,-0.8324570842083373,0.559794797248613
METAB01_Smpl_53,Case,-0.7927891260638136,1.7094634973002467,1.7954178526557265,-1.2681679289133856,1.6931654227237125,0.2990265291664436,-0.6645308495078776,1.3534301493222944,-0.09934834981799341,-1.7448359100455733,-1.457140378902376,-0.12877390227701907,0.6377922718456895,-0.7943984584603565,-0.5245671803830587,-1.4126255816641042,0.7989906394848645,-0.6074047106583865,2.0946821187504603,-0.4672097182334053,-0.7162953515087888,-0.6270446600146522,1.9382998808328065,-0.9398098129104426,-0.7011699644078123,-0.4894752948123497,0.3626210799509653,-0.2880186337656791,0.8941030586622913,-0.40866148964010823,-0.07859353672298287
METAB01_Smpl_54,Case,-1.0201129445323822,0.6542823743796515,0.20034632455795287,-1.5448597322229802,0.31082346132729083,-2.035898285741579,0.3712271116261948,-1.675080561780138,-1.9732312189600254,-0.22312987090800793,-0.7811848662693398,-2.467742658114116,-0.13668439432174512,-0.3392907208417442,0.5429195845235824,-1.2110406519970156,-1.6426612280107835,-2.3356759645493423,1.0798494401184144,-0.6691626096492289,-1.9691129914401369,-1.223440554096075,1.3352483724105724,-1.3718315354458996,-0.9334283828337115,-0.7724165898210399,2.5826096614653316,0.5532169195609746,1.2865003522327219,0.9872499565916483,0.32235213641621496
METAB01_Smpl_33,Case,-0.8979765071343196,0.06931138839232391,-1.391258953333295,-1.3186235352068534,-0.6448985743159314,-0.8199482535671032,-0.5563071261957261,-0.4050313851521299,-0.5716635897891655,-0.28443094286736875,-2.4288048720916287,0.6254720606102948,1.3106505308709886,-0.6336934890752897,0.03722222649702194,-0.7730073808435619,-0.01646812947965947,-0.2884840118500963,-1.6955417849470404,-1.842457331547227,-0.2776095189035785,-0.8002964741139612,-0.12081302034285583,-0.525860967330814,-0.16112590458881387,1.192495425125689,-0.3480398991977462,0.5292463657929822,0.654380810196444,0.2226964954035455,0.7841404178840712
METAB01_Smpl_57,Case,-0.5069796852708618,0.3236845029843238,1.0527876694972333,-2.1733320795366153,1.0038269868964487,-0.46467472887941574,-0.632119288981623,-1.5036743819512624,-1.3523230452266783,-0.8196091317333632,-1.4056978651859242,-2.2566393807043177,0.18473554189572314,0.01052705757333011,-1.7661564886602277,-1.802140316079824,-1.7855096253436096,-1.4016559000728064,1.1649487278460458,-1.0266073543881558,-1.527376488554965,-1.2174477584071004,1.1004453381733446,-0.9804169235252205,-0.23570897173536087,-0.7610405796018732,1.622573522000823,-0.4967384769151434,-1.5082477237191667,-0.25483837994467323,-1.2047320816542126
METAB01_Smpl_56,Case,-0.17382647866263617,0.14727020853800077,1.8189503835507879,-1.37626926929988,-0.4561348107182352,-2.4838639255966948,-0.38392345267752337,-0.47994917675274124,0.07337114985948277,-1.0974008212302728,-0.5975748062955123,-0.17181501960453377,-0.029756113460026563,-0.05596120337029486,-0.7279972344418149,-1.4930310727422287,-0.046174880415010604,-1.080636228536711,-0.07578211635518056,-0.3782819685856244,-0.42931765885030304,-0.3722507015722885,1.2012090018114059,-1.780623304497434,-0.8557157326377416,-0.8309294546858849,-0.8724644216340242,-0.3609068393456132,-0.08108431301257889,-0.259555954642027,-0.9438174372352214
METAB01_Smpl_64,Case,0.7634785816849197,1.5944719591059793,1.6503139556499637,0.4243932020958056,1.923859800295784,-0.6906718840961695,0.9548983768183195,1.8803430726320234,1.819176567271569,0.3045791009243755,1.1351087007562664,0.7376106149901056,2.4943323299631235,1.200419210957871,0.6616710278458797,0.01884384422660627,2.3573518180979676,1.274724980481854,2.1994960650561035,1.056399965464733,1.7375086989569055,0.8089625595561507,1.1540213886467547,0.4330729136759821,1.0037058100004361,-0.13822068283152372,1.1938772831524105,1.4689420770599395,0.11096475515814397,0.43030651696520794,1.6638424452889864
METAB01_Smpl_58,Case,0.43970276406155684,0.38603150839685435,0.019238194866225335,-0.6331784565614705,-0.9859697401943502,-1.7646516532615721,-0.2792247924105221,0.3419395571614736,0.3207639141914214,-0.9885966215241905,0.09253095118652016,1.1078716305115925,1.6190122595125234,0.253434279660671,-0.9477379083180656,-0.964712905936125,0.5455416628695294,0.6065309310875979,-0.37833622194778765,0.5362433441984334,0.29110220433023226,0.9126647376577196,1.1147864897146196,0.3794460172883223,-0.5659635813395121,-0.2809021748928095,-0.9515927290418069,-0.6727760370059163,-0.29833227424361236,-1.0331866901118858,-0.17683166891736082
METAB01_Smpl_61,Case,0.5318071638801266,0.5620708989726744,1.2589643012528382,-0.3617808736580935,0.10323435457547998,0.6783707408153739,-0.22670560264387818,0.37643010045577047,0.3575925882793018,-1.0389985261036567,-0.24853382613840277,0.9595420158285205,1.8091142036932015,0.5224581664061976,-0.1396092313624733,-1.248944610370852,0.5711693372149835,-0.07160316663278281,0.13025682483842468,0.2513426928214844,0.08972339646911047,0.813841896857635,1.3843698747134305,0.4081149169211668,0.38919495581458,0.5802263003389613,-1.8707449495320174,0.8771606671116884,-0.14080162125813817,-0.8095740918859491,-0.08040300298912557
METAB01_Smpl_63,Case,0.23708451312797607,1.453481972823058,1.703878094427098,-0.2573573447485389,0.3519357107595585,-0.8318544722525593,0.7355304205979889,1.1353662850671913,1.3815386662220477,-0.3166000738204356,0.9297992054627339,0.300509698103553,1.0490223029452643,0.019518880515334666,-0.05486170009327545,-0.18608845594803394,0.9480160254928052,-0.01406771749230713,0.789187771376746,1.2207811802249497,0.7275837474319811,0.7662475458510418,1.2290994206823715,-0.3204200633298335,0.18625732404716527,-0.359816851994326,0.36981742964144043,1.025494800658738,0.2285492999177933,-0.054705279562717035,0.6767618460218902
METAB01_Smpl_59,Case,0.13442137746725488,0.9727826636477431,1.1675273796557424,-1.047020618656048,1.1369170901170533,1.0481210841217035,0.802221571596354,0.6002378611797824,-0.09634457462700205,-0.808648898630483,0.07242104543820964,0.6019574499780556,1.0847568388963442,-0.2831609533346329,0.1041818695551042,-0.7403830597200934,-0.08900414199642774,-0.09899770803033288,0.8783882737707746,0.4409267317753063,0.05013081995801756,0.2361146691262782,1.3201349541677225,-0.8723344773024584,-1.1167127097907066,-0.31655039994879125,1.210019555930961,-0.14159822194945532,0.2259640220665328,-0.6632419937414027,-0.6223590303194015
METAB01_Smpl_35,Case,-1.8413670973757683,-0.008638963627266086,-2.348033410096543,-1.8827930139308746,0.3214284410489009,0.09324513870105698,-1.3780368473985114,-2.2878857616867756,-1.1371081041287847,-0.7436316003190718,-0.9436874404852788,-1.9106284456632767,0.20176330759653954,-1.522552279337989,-1.0183143316364174,-1.3284154780638544,-1.1726003661605475,-1.1628370541629147,0.08830345213399696,-0.7888824242323186,-1.516231388816308,-2.4388689521279368,-0.7061761103206619,-2.472573152462196,-0.641694450170246,-1.0804945691269667,1.5601917920851838,-0.44561671314167955,-1.5575545744771175,-0.09740569496227866,-0.8110498210317899
METAB01_Smpl_60,Case,0.23708451312797607,0.9892355165762406,1.7929099544274263,-0.6166944479164013,0.6652107990515269,1.18504191561687,0.40287541562208296,0.8844626759459395,1.1664024522732621,0.31902494778374124,0.453422727555287,0.5713978114882428,0.8139814737022889,0.019518880515334666,0.16531829784340094,-0.7727792005287693,1.2685710956955696,-0.03572073009476704,0.8589532638143729,0.9939715430319752,0.9671005570102018,0.6470858638054273,1.3692180090295651,0.37087716167796814,0.6162624611445003,-0.10932192992997848,0.9005829914401541,0.03844079085253216,-0.38084677125066985,0.04401673572325187,-0.43869186422181156
METAB01_Smpl_65,Case,0.5095567130069799,1.0965903760193023,0.5995232475877444,-0.9872079370656933,-0.2790734873469747,-0.15580785002813785,-0.3901912178435883,0.9653806428710906,0.3112986339277081,-0.12502297062181109,0.16593088102234274,-1.113546867575004,0.7387423360099838,-0.08784726861392919,-1.0418800742555352,-0.6293761175004883,0.13668842759909214,0.39895612054142965,0.6997377148086991,1.1611387252013834,0.12934445356730767,0.5083325606568934,1.2219511379227908,0.35738865577936246,0.5886779463568381,-0.25461868776055807,1.1714504443674596,-0.37644668383278,-1.007262325641476,-0.8693245105103208,-1.3177111909347095
METAB01_Smpl_62,Case,-0.17382647866263617,1.11074712931331,1.5401088595345003,-1.4155486188015285,0.009481719469288141,-1.9301288908307312,-0.09158025359552571,0.7462576711302025,-0.27504121835889267,-1.3279160711414557,-1.0064419248553511,-1.1202802585655018,0.188560390288399,-0.05596120337029486,-0.5108412699857926,-1.0263189968253037,-0.16437275860351774,-1.172470321202416,0.5855978518394205,-0.5482034461246131,-1.1437941635146764,0.2152002137467851,1.3840302938800584,-0.4111773224664639,-0.7769793871470444,-0.9710908186895889,-0.7664461551661884,-0.2931770142758326,1.5962342405562293,-1.2131407351448957,-0.7260045204350936
METAB01_Smpl_67,Case,1.4182738819393592,1.0362211124423595,1.5065308452521458,-0.650662192670511,0.20518626023242487,0.23925395816540368,1.3032666287141303,1.3130190326137716,1.248394516180134,0.6057780140868881,-1.2936152587811816,0.902750211472908,1.569469800052878,1.2179062387984545,0.9201283451146859,-0.8836192628089129,1.3418330405073942,0.9562982647768861,0.7978212785133212,0.6289333282410016,1.1068868520244002,0.9055187725560412,1.8937036523308326,-0.0632920994064828,0.625981165968918,1.0129419675799403,2.3177106069948206,4.19941623483719,2.386707980820544,2.542020417246636,3.765749618171797
METAB01_Smpl_66,Case,-1.3937597686210026,1.3384112296892021,1.3399994882467263,-0.5576785974881953,0.23014319786320617,-0.26042055556915955,0.4654639808795449,0.7632176523342836,0.7894184627299872,0.006966787872199358,0.18535944732254403,-1.554121858432195,1.0345016878781432,-0.8810335922739196,0.44166669019074395,-0.7775291175857438,0.18958311687674853,2.483221139699471,1.417701672407621,0.3832628081045431,-0.3708213342241142,0.08961484816390548,3.3639715270829185,-0.349931040433764,-0.3800211576534556,-0.8446251463927325,0.5391859296222203,1.0868668440386977,0.9396896501560037,0.975103414133789,0.28281940110447973
METAB01_Smpl_69,Case,1.1101615524637432,1.7061223300459214,0.4745991089076027,-0.3082122083023861,0.33558731290100213,1.2530740477789064,1.3534228969894888,0.09823232535966601,1.6436883904797144,-0.3755969334131035,0.5581696035025168,1.1660216456708856,1.2234738229005402,1.369335851440872,1.2117228312488972,0.029072740478564892,1.8114319979436426,0.47045626621818387,1.1079413551552444,1.8513554553741012,0.7408231366907874,1.9172983464909485,1.2118614411107602,0.44154550274108656,0.9961298429128279,0.34785819699257803,0.8040871384046993,1.3827799062768154,0.5160706505236529,1.7983316451986442,0.7800645397097681
METAB01_Smpl_68,Case,1.132229543596982,0.6954167822628516,0.2637237330608893,-0.7531819890062212,0.13510456914620458,0.8726199265994738,-0.6700943930085796,-1.2116501994867996,-0.7186342825950012,-0.04686542439210831,-0.9534560158993628,-2.361290003472465,-0.01456406065316956,0.1741229627242424,-0.22923257899278993,-1.1056337924936452,-1.6585117487207992,-0.8606088958762615,-0.01502982100859482,-0.7958724391432559,-0.9725785624417894,0.9694357193291285,1.138856915028721,0.8047253281344328,0.42300531762216426,-0.8203133348276266,0.6766315331926525,-0.4327210142137432,0.13632577290657516,-1.121853827667475,-0.9519517461556106
METAB01_Smpl_70,Case,-0.28981723044730956,1.2293951934042104,0.462629100128792,-1.3797539144355164,1.4173659234053937,1.8724700508041572,0.2640958536030251,0.17947475713429895,-0.23886567064311634,-0.1231654174295936,0.013254766758635458,0.6879024757343971,0.6649112544145095,-0.09536723263065136,0.3362020721613096,-0.646248178098784,0.418744277827684,0.13929552428858455,1.649445174269933,0.22919713956010165,-0.07098281401359967,0.7770360191021836,1.202653520999683,0.13800699206908698,0.23964298206369364,-0.04759216633969749,1.5038171217164373,0.7412058047327291,0.4126829586605334,-0.3415536755330217,0.35412899662608666
METAB01_Smpl_71,Case,0.23708451312797607,1.364546613735034,0.03331283081981491,-0.8289774628980022,-1.4133728777668164,1.6160850612506397,0.19290528964570852,0.7927621308691767,0.3668749052053644,0.8602290051384276,0.27519301470263247,-0.2985182117018066,0.9737421969463445,0.019518880515334666,-0.6395299976829907,-0.8258035435102735,-0.05558196340266508,0.01696990021680709,0.7336624688953856,0.5477938803774737,-0.008571513232735627,0.663128777081146,1.0369160677125195,0.13790282388400552,0.10737542714704316,-0.37302973513006427,0.9075942194686295,-0.08647888201966372,-1.1445921585248975,-0.4428206729369816,-0.8536405027793148
METAB01_Smpl_1_nonCOVID,Control,-1.0046992207027894,-0.5459179270292898,-0.851788183027304,0.5297941122219794,-0.2190985036255173,0.26413926630196954,0.2736848286725151,0.3704763742930632,0.21619155522025268,0.26863006615812207,-0.16021772185175198,0.005735815725367204,-1.1836390782928496,-1.1942356171210378,-0.2770325879437845,0.6389195473715146,0.37438003820143145,0.8771745025108852,-0.38019782497735677,0.6175246105071528,-0.3597201090687745,0.6928273022658712,-0.5630847967658421,0.8704028238573533,-0.964002983839639,0.7201627921396992,-1.646923017585118,0.14493045397041648,0.9377351564824937,-0.4532291143642543,-0.009887863541598938
METAB01_Smpl_2_nonCOVID,Control,-1.0431046464832876,-1.7761360474215475,-0.5450639488060017,0.16821548455330929,-0.5700189703310192,0.7066260592753794,-1.0924242478561987,-1.3130469542711731,-1.5104975850694475,-0.09979832077268559,-0.7885189525748738,-1.1764841892610376,-1.6842782488192711,-0.6564396630213177,-0.33170987191082174,-0.5393752905733983,-0.24335191959541028,-1.417748635291447,-0.6517380023865708,-2.099376869647765,-1.3318394387189842,-0.20342533055420076,-0.6059408077481245,0.30906428257014973,-0.7388917374036201,-0.9710799831679239,-0.5638452004739198,-0.511338288781026,-0.36006790264873056,-0.6194230601140619,-0.49325358159037624
METAB01_Smpl_3_nonCOVID,Control,0.7623741479000657,-1.6173788960482012,-0.03027050364177994,0.31072868133876147,-0.3903336515405673,-0.3054835196623423,-0.11527518250575976,-0.47271460904084234,0.6207900569581992,-0.15102045472728345,-0.5554534085125318,0.40468152938947927,-0.8657771282720784,0.7423933037282727,-1.4150207209982566,0.5726537380063446,1.231667977069356,0.6759735580467555,-0.9230756464879946,0.05543558835112436,0.3590281654656497,-0.10835034115790962,-0.8567969819346534,-0.6065149540488617,-0.37385191353330494,-0.5294994914017623,-2.12955265810125,-0.7195011380303149,-1.2756367116635388,-0.4678385415476043,-0.7585827121492508
METAB01_Smpl_4_nonCOVID,Control,0.171395274749267,0.20686415136872324,-0.8395204961450018,0.8211439008528251,2.2640139284095055,1.0152190562310093,1.2158214273508887,0.09699948490753525,0.7371140810498223,1.1685034835061296,1.3390181054950985,0.14223931105545984,-0.4014898058948158,0.9605290444303607,-0.8838176832340694,1.35956570727687,0.6617118548988867,0.714214765411723,0.575308790227599,0.8472951104674022,0.5181825690350711,-0.23917441823314697,-0.6381284344151467,0.13418315068055348,-0.2885885540343313,0.9113720966307872,0.2015699399816388,0.07305577965321734,-0.21176417623777066,-0.0357839563196324,-0.7814894755426376
METAB01_Smpl_5_nonCOVID,Control,1.5787550472571672,-0.7683267649375937,-0.20205085927040375,0.5148714737791628,-0.38699837538069676,0.10612039862830715,-0.5065632680565778,0.41136562114446407,-1.05591023254056,0.08901238518819815,0.14681853510579526,0.27662906868277,-0.6426925726970182,0.1459310481607085,0.4377121569376665,0.22269223291165877,1.564858419424254,0.8214252756859767,-0.26503809388444144,-0.8010547196125936,-0.5288478747705044,1.1827771306130828,-0.9065942935868156,0.9027721854300526,-0.20556989083009164,-0.5419235993648422,-0.5278826755764301,-0.2899747461582799,-0.5464689571362866,-0.8671021844397004,-0.2572390341296681
METAB01_Smpl_6_nonCOVID,Control,-0.1974919812966088,0.11922619604309728,-0.922819331498076,0.9312514963060288,-0.1555358347033075,0.7370360401958584,1.4585987631836095,1.427910055791956,1.857719429422737,0.6900437133966401,1.1140686565598639,1.038192666931929,-0.6485779655207821,0.7552769937205391,-0.22988111974444725,1.8622230793666568,0.9284462602085279,0.9286831455486019,0.11005581063607561,1.2237152820059016,1.4962351715051263,0.8530036486697506,-0.6604754243117649,0.9948295549259659,-0.09396428101904296,0.635772974555137,-1.3283378971276987,0.8375752032108491,0.5014422985684927,1.0085066682329287,-0.419049544993985
METAB01_Smpl_7_nonCOVID,Control,-0.815275246257981,-0.04843132315376416,-0.5038981571507417,0.6197907359375413,0.01056706762860982,0.5054775832228525,0.8954396400590934,0.8966737618766834,0.48227032101754874,1.1864476814734353,0.9746927904225311,0.14733745377250268,-0.3362290951724572,-0.5548857714471325,0.3001072599016729,1.189346307198962,-0.10999712252638344,0.9762810487718725,0.06963470436569255,0.8538476092509193,0.20388615537957855,0.28783369258960334,-0.8488117115817332,1.0500132111255263,-0.8280524128250317,0.3129934818217658,-0.4184899429873963,1.0453426659727514,-0.5365329000932474,1.0502772209326086,0.4875291411769646
METAB01_Smpl_8_nonCOVID,Control,0.7566161461391734,-3.664954146657428,-0.30092328861963097,1.2961114245689476,0.47123943172895555,0.2980471103063205,1.0922437047192664,1.9184637252190435,1.2106435038104355,-0.3663755615462855,0.7096473449063615,1.5670266308242748,-0.12466252118447654,0.768553566384926,-0.35363905256627337,1.2279917148136807,1.0065668007084256,1.0932459287866,0.6640264084063979,1.2366066589195248,1.708989844011119,0.8848570988230455,-0.8540447100029843,1.3629093124926608,0.48103004541131494,1.8916011837380584,0.6091320760798989,-0.11613636249274902,-1.7700150964741976,0.5492995979851985,-0.12437667522972022
METAB01_Smpl_9_nonCOVID,Control,1.3417552461063198,-0.6158622350814533,-0.3368582502018381,1.1426685040031832,0.55363799610168,-0.4547561294972413,0.7330691101145266,0.05358872366432495,-0.052602309324131014,0.6107741240057531,0.08693141426035016,0.6651548571086253,0.011584799388587736,0.013706857812824304,-0.8229819122604503,0.8416263237533208,1.0724660463864866,0.4055200743051153,0.08605134433070821,0.28781716284644576,0.4326992341287899,1.9444306178872335,-0.8874819016332894,1.2287507881121842,0.12849296637039728,0.2377603237736511,-0.05947741883849593,-0.9689962099551088,-1.3566191148440947,-0.8992384252048392,-0.6717890744354361
METAB01_Smpl_10_nonCOVID,Control,-0.1799940073402543,0.014303483147873079,-0.4155868520463057,0.8509498850550582,-0.30806163667906783,0.23692509077491494,0.7710510476021359,1.2956005307575753,1.0101952467517792,0.2871992008628783,0.900546735019496,0.08072561538715786,-0.2208490662060305,-0.17099184875045592,0.5509308470773675,1.0941631138723313,0.010685831010105104,-0.0028837694425562902,-0.3036003878863445,0.4218252893082316,1.0546498005544298,0.32973200956998144,-0.8164955159812911,0.46460634594776246,-1.2949342528480088,0.5987790406091675,0.4824212961598839,0.4140985353256002,0.02910596245703725,0.31532875767289653,0.29122604020552023
METAB01_Smpl_11_nonCOVID,Control,0.8573728406186296,1.169344601674566,0.3228192545246967,1.9262015324436716,0.7399391017190665,1.1661359444577866,1.4057362318206954,0.913769785211287,2.0816350719155405,1.821167570895934,2.2578515784401576,2.0845029207807233,0.8857396581632521,2.404641727521862,0.9730933848904227,2.468123648984074,2.2737211939421753,1.8602820803396463,1.3762613390404044,2.380240954981354,1.9444943338790852,1.6073330120505378,-0.6494557569197629,1.9135339339134043,0.6988308717643005,1.0583964230011056,0.6890793270891039,2.5000704370626923,0.5400054586415963,2.2651865254253414,1.250586701742701
METAB01_Smpl_12_nonCOVID,Control,-0.21811933078337806,-0.669032673395711,-0.2874399438617051,0.5538574464782252,-0.3795689119448309,0.3116033770628204,0.29369895224185194,0.15458456090270734,-0.4623172136342281,1.202108881934752,0.7702520241883002,-0.3819004377492562,-1.3756102016749725,-0.8646174111308333,1.7273494612513967,0.6157096440399901,-0.508351004925288,-0.4881928513196481,-0.6244221580776788,-0.6432762375526317,0.4071128456076644,0.691849757675766,-0.609243500607976,0.3393579307376929,-1.092988586237478,0.5109307318993119,0.8120340627892723,-0.23134298617861906,-0.6826340853390676,0.42604909198067403,0.2684194731636036
METAB01_Smpl_13_nonCOVID,Control,0.459695602259014,-2.0815205219509716,-0.4599415328679468,-0.15669081958562558,-1.1722265439930373,-0.2344963868278758,-2.9074961190769173,-0.14069020596044615,-1.2077019632641521,-0.03077992553705255,0.14817835683731448,-0.011126369428525847,-1.8260397829406154,-0.8419081676920748,-0.3612072313190674,-0.4309672846553333,-0.7688362854726564,-1.3340530443138066,-1.54406124064498,-1.4629541577555984,-0.8681800389837828,0.14162556950517005,-0.5975939919829673,1.1667171418616722,-0.6163778576186574,0.22842378426387686,-0.7522003724852203,-0.6318134213970874,-0.3695974230071187,-0.7711550060331644,-0.5043273577522897
METAB01_Smpl_14_nonCOVID,Control,2.2081301044575454,-1.594059391675863,-0.5975196155159601,0.6408847712822845,-1.0187674217201177,0.7361347373221139,-1.414475651120586,0.7698578002376022,-1.0152121727807086,0.2852233129053428,-0.3884160607598007,1.034246686735247,-0.9571950971906971,1.2177474264386834,-1.9927303779139938,-0.267965740016295,0.9363108429091663,-0.45490158895053656,-0.5434942888816137,-1.8529022543324585,-0.21087576447134782,-0.10196296526782868,-0.9292871888796428,1.4887650564864472,-0.0935678160029432,0.8495395630028035,0.44787554799235924,-1.3518496762934273,-1.7707552198904593,-1.2293674164203754,-1.1933318419933057
METAB01_Smpl_15_nonCOVID,Control,0.5499779881592958,-1.2823879208949858,-0.5266196236706439,0.16934181850695992,-0.3911870015238054,0.4814173818648923,-0.10767343179745523,-0.6355182693530801,-1.520956731537971,0.7091791908367239,0.36499580280070837,-0.7347761805887717,-0.7323708760332723,-0.8185396562008729,0.0654892147414234,0.13097554018756286,-0.8909596970024687,0.6735181233886035,-0.6512023953777998,-0.5322022694239016,-0.9358023310508892,0.09293886187041399,-0.6653714569786912,0.5846355797754054,-1.08397215973585,-0.8027196532763069,0.9165678600578432,-0.40556099843462495,0.0017474949484340859,-0.6105796230214436,-0.5826889231580813
METAB01_Smpl_16_nonCOVID,Control,2.049174863821567,0.6449387266846957,-0.05772441364042662,1.3554883345367827,-0.3740259912025118,0.37050190606966915,1.1873434281326385,0.9820077268821216,2.0210736569201946,1.607203747836576,0.7795272343086588,1.6957720047157656,-0.4098569411717756,2.042883089799874,-0.47612468787548823,1.5093063212966127,1.0698433790603317,-0.11078209189129187,-0.1326000567663156,0.7117472753138194,1.6442191051342452,0.8656929011511972,-0.42832686900876504,0.5965466147818677,0.141943252803711,1.1932405901191552,-0.024729724058778355,-0.10961484372861025,0.49680816600039784,0.6529273977282756,-0.2579773588968898
METAB01_Smpl_17_nonCOVID,Control,0.5742242757048461,-0.4922622404698284,-0.48405416713569116,0.8765317282478988,-1.8112322557135956,-0.5950112468914845,0.8329302899117101,0.07230141642178538,-0.2312083739051938,0.21467729903805194,0.06419173532769086,-0.05165025671320311,-1.259480174567673,0.1298379371279951,0.30816850503497994,0.578337211915217,0.7306173684264031,0.1103071032386657,0.03678674876184071,0.9187457903573071,-0.46246555075669543,0.24831464395047756,-0.9130897012961064,0.6990800408117093,-0.9544588775954703,0.8301142594570217,-0.7870381040432332,-0.12703554537125158,-1.5286198263114592,-0.028709860325558948,-0.15184257688118427
METAB01_Smpl_18_nonCOVID,Control,-1.1942063017437472,-0.29953593205332,-0.26142017469042744,0.3945965379349075,0.033198846863066074,0.45824253149242966,0.23597003593855545,-0.6832677625540996,-0.6682320116642786,0.8007931648570288,-0.07286395748230627,-1.0793561394030362,-0.7605077153104493,-1.402964185082604,-0.02208102906278558,0.6591263249097276,-1.7498071379122337,1.1148422332238508,-0.386771279553548,-0.016708315997318052,-0.8997857765736322,0.183805723994178,-0.7297337634422946,-0.04926371433771082,-1.3376301854039152,0.9079479822623581,-1.183941502675514,0.10180754019108407,0.24431852145077157,1.4504709071376647,-0.14804916511133792
METAB01_Smpl_19_nonCOVID,Control,0.4166952079944326,-0.9229943712345114,-0.489974134916384,0.7945954540922843,-0.5193790954294569,-0.12461275015426611,-0.17017320942801342,0.1390320598787394,-0.2915696901052842,0.4877338395274915,0.6950201817359953,0.24915722213021027,-0.014467306742772874,-0.3982591438608105,1.0844419751126504,0.40550997393714006,-0.45387076167802154,1.0055305167713615,-0.566145229013599,-0.11381560464647472,0.27017392215248337,0.24214707420155948,-0.7682040162349612,0.2565807966010239,-0.95363468776685,0.4398005544549531,-0.7350678913995792,0.2999187489096287,-0.613504829158245,-0.07563119746142778,-0.12226739834275797
METAB01_Smpl_20_nonCOVID,Control,-0.6563931317970841,0.49670121310769005,-0.19064425767691254,1.1540566298868262,-0.5629763882757965,0.167072458659071,1.3299376179844697,0.48859413993958656,0.9272051083162077,0.8973757314722668,0.8504094412722615,0.4844873672961921,-0.6127645498398506,0.15306346860533432,0.07679190756650382,1.431467983156184,-0.5262795041228499,0.5579021064017393,0.4452893407977196,1.4893408097390273,0.973157713293326,0.07366893483179345,-0.691280305062812,0.4801979476027216,-0.07845989803173943,1.5742765427069847,-0.4316371860532032,0.4474346807033796,-0.20131916875480738,0.9333123824627443,-0.38498475264776527
METAB01_Smpl_21_nonCOVID,Control,0.08207536490859801,-1.6976031483385743,0.001639323789670892,0.5932465324841493,-0.8201561383833859,0.751050946974262,-0.6249385339424846,0.45103060667085926,-0.7524763804948159,-0.6161218512526552,-0.29317753690802617,0.11209145885533064,-1.8694743921114356,1.2580042766227106,0.2929207068644717,-0.06385220516260037,-1.445982851718093,-1.0401685743265765,-1.2553340884089872,-0.48495879615169174,-0.22274078168271547,-0.15572747349923227,-0.6392993638432961,0.007278629183282155,-2.031498951815661,-0.915007422406611,-1.0207035769051778,-0.4731397875294231,1.6394482022922625,-0.5378740351937928,1.6539473513333305
METAB01_Smpl_22_nonCOVID,Control,-1.6088497982097918,-0.2617700956157292,0.5686552483303067,1.1802427289018427,-0.06067581883416508,0.42954559276401966,0.8372413570566634,-0.7110463816773396,-0.5523397843978354,-0.1300109226718357,0.06200376753995279,-0.013068956270470099,-0.4298540050250343,-0.41441219187339307,0.14784554056991647,0.8005903084652177,-0.2574856605391522,1.2408308681010058,-0.2538104953376723,0.1839068691944589,-0.31115495075788696,0.417639904241885,-0.7387041771731644,0.14851113192391668,-0.172226957744397,-0.2448684694717195,0.07489905494056562,0.36646437565195855,-0.2863670170586901,0.2385018941454678,-0.2215766859015344
METAB01_Smpl_26_nonCOVID,Control,-0.05629990780246019,-1.0329060346908703,-0.17893726659617687,0.5021456032569394,-0.783755718945529,1.2402205473524466,-0.35166593240368854,-0.4852576070812499,-0.5946936468653571,0.11589782034994225,1.1359959236269486,-0.5412109872195675,-0.49725632109891466,-0.9146287798066216,-0.12208396419469077,-0.12947282799170043,-1.647229989909471,-1.2928160830911526,-1.0147238029172811,-0.05448387619935933,-0.09813184627373546,-0.23257310739959708,-0.6131958590493537,-0.3914400080970623,0.44633034761334045,-0.3914285368060867,-0.26088075343237577,-0.7932863382399575,-0.07183088795894067,-0.6863624883580711,-0.4565653900725635
METAB01_Smpl_27_nonCOVID,Control,1.4886078754566636,-0.5651623704773273,0.8349754380554968,0.8260526661492538,1.6214704527849815,0.5887078280313827,0.46359102019452175,-0.47076698415161394,-0.33953077792373026,0.7855459987767041,0.06907717397652907,0.5407950565300175,-0.43242925314517927,1.7457807352887953,0.9590643519046466,0.8600481873603388,-0.2778764917162183,0.6052754853123047,0.641369098319743,0.1858170387666006,0.3391289135203222,-0.056639271538848665,0.1919905490441608,1.479205398070929,1.5691609322408604,0.8431792939565191,-0.42261935108464055,0.4734158053862688,2.6113892083721297,0.6028175712079042,0.5302282575506413
METAB01_Smpl_28_nonCOVID,Control,0.5993994464415148,-0.2355291254772381,0.7125503125367264,1.110332901457746,-0.0017743730580636026,0.18592009552049266,-0.1844851026243931,0.41299827754084834,0.07334995186569507,0.4106438569136301,0.7884204972480553,0.20913000526597292,-0.19565767705778975,0.20213571436855624,0.20200335682185624,0.8126257973386624,1.513333977112605,0.6824791258558776,0.2282248061521127,-0.08807883627543331,0.20755356533972683,0.8076338483818304,-0.9735323676901824,0.4715157709461519,1.6313290515148788,-0.581728330858555,-0.900142107173629,-0.02414540984314027,-1.0263083186160287,-0.8306102269209523,-0.4685765137207223
METAB01_Smpl_29_nonCOVID,Control,-0.7583057317977974,-0.20554165468262472,0.2272569964158779,0.8667432769613301,0.13351343959752018,-0.9899031117070243,-0.003392440957925519,-0.07369798804640297,0.7714236700647944,0.6597195342331195,0.7766156134005353,0.44777087251756464,-0.5890863529445293,-0.2288701829890275,2.001680356495186,0.8783466215868704,0.01181259915686696,0.2786069442853834,-0.15143038509908888,0.4349136866776999,1.001646912913598,-0.1535202823110374,-0.1965983575601795,0.4481497023530935,1.2896107400613872,0.43496416908794583,-0.7657713404071688,2.1650266608005806,2.535449091835054,3.1131688366553583,3.8530015051474624
METAB01_Smpl_30_nonCOVID,Control,1.0348603495036366,0.8045061257103353,0.6665070683034796,1.2551428736915156,1.3946615167456895,0.45004446812177906,0.7843506066185801,-0.11777371052418523,2.199843590503678,0.600370159082301,1.5149643446868486,0.8406258084532845,0.10743768249501193,1.5496912659866706,1.5781850473658108,1.8662411481798502,1.6315127997849608,1.5723430581226894,1.4543879194721063,1.540489366285648,2.0241906133840226,0.5292309306335305,-0.8021590315060411,0.965511966051885,2.1149963007092656,1.5220920342074464,0.5470978921939863,1.3767983053317443,0.5533300948969362,1.6284018663493416,0.6167618304528981
METAB01_Smpl_31_nonCOVID,Control,1.2566599113207537,-0.7588731321343837,-1.2928964988007594,1.0459840601566288,-0.6508256805456383,0.00510513653732633,-0.8182752385393026,0.2634558119625336,0.2680687778340084,1.25139389361773,0.2644797379019128,1.4901526267263001,-0.4488801073384649,-0.1887239911005642,0.8855041237665181,0.4079173279743569,0.620150615528773,0.044375792490345414,-0.539835430242904,-0.2375553845199935,0.46706187397490434,0.8463241142959842,-0.667200200760337,0.7826362936700757,1.3164927012136236,-0.3742277391669121,0.30894365658043516,-0.4192621093447355,1.174310122315718,-0.19706556389426858,1.2898682170771016
METAB01_Smpl_32_nonCOVID,Control,0.32916285233216364,-1.1268074197024516,-1.4222387209412357,0.5943431720937866,-1.3952950596556906,0.4052015761080062,-1.9015455062977489,-0.50508463184372,-1.079327419371786,0.9151574916262676,0.5726417939427045,-1.0693698892301025,-2.216389631606036,-1.095949223773307,0.7032499874847056,0.1804572976810175,-1.2156990166368251,-1.2935376726739598,-0.5217227523889805,-1.9432263591937649,-0.5041553443977258,-0.05643519133393131,-0.8708439549420577,0.5008034849787975,0.6452323572373883,-0.49952540603266193,-0.9050502379542626,-0.9212604900829383,-1.4720604138704845,-0.6920879513397508,-0.5965573156829557
METAB01_Smpl_33_nonCOVID,Control,0.39671463779312105,-0.12499307503550255,-0.2222041218259165,1.0256692818961302,0.0543216164232844,0.68540540836971,1.703372780009624,-0.10034166665554518,0.4422859613789935,1.3693560188186675,1.4179246548059106,0.7040118299472023,-1.1269036373408334,0.8293730996803964,0.978047298792121,1.4370716197932567,0.19108488076762542,-0.12001020261639848,0.36695525530347295,0.10132142592970834,0.9382194075154352,0.8330193152646123,-0.46717752035470816,1.0016860849771834,1.6025119662034377,1.9202973383603978,0.10008328129302668,-0.39985374842425697,0.09528651591894485,0.19342419107448502,1.1184109684660182
METAB01_Smpl_34_nonCOVID,Control,0.16427318051038955,0.2029802644084884,0.3127063443831971,1.5559138378911617,1.5712667664174702,0.22810927156644267,1.4143315770698532,0.006143067664266217,1.4159048001615755,2.1392028425034724,1.3833738520001233,1.188289192199153,0.5082850507570512,1.4085175141532835,1.7244578891089117,1.5147837211870885,0.9419209379225078,1.4233949427436603,0.7954177760578846,0.5207054005243708,1.6984476576733014,-0.08712004119567854,-0.930033596637339,1.0724916486984928,2.3765101752849933,1.0774673577405847,-0.027385146559231775,1.7654547178625946,0.17592503786744096,2.387546437865757,1.6134784618102593
METAB01_Smpl_35_nonCOVID,Control,0.9819252415414591,-0.3419836787218986,0.5982937574379379,1.2151922242675621,1.7905188298439645,0.7643378256822437,-0.0008644934796482418,0.19869409169467667,0.7732455928199011,1.5897084710885578,0.7667855849369224,0.287445962843563,-0.17797998429668463,1.4030197577818155,1.9328541216326918,1.1802896258836928,0.6458485339360075,1.136135739454856,0.7585422308067675,-0.01816090488528483,1.7093840161920983,0.6555929009913066,0.8843826824646236,1.4403984183296596,2.696424815406546,0.7370759593646652,0.8961918351573482,0.5332868590168736,1.2939311212052944,0.8364111121260112,1.0704785041172664
METAB01_Smpl_36_nonCOVID,Control,-1.3053865942813871,0.44242258047117694,-0.3545100463760998,0.6592282861758461,-0.35357535991212924,0.6768359022959797,1.3600957020484603,0.9340537827116321,0.6693868421319911,1.3896319841733495,1.1410174036338783,0.009467939116067954,-0.8692743243297852,-0.7596057786297069,1.1093946672406314,1.510330525295152,-0.9124076647026852,0.6572972354156423,-0.2392692358280719,0.6462055534333263,0.4606747763155166,-0.05204663390550657,-0.810757344696334,-0.1769236269012422,0.8672265522497451,1.9722212366551066,-0.4723263269709239,0.2835119781933365,-0.1035448119047698,0.9766088954062729,-0.13507617488549595
METAB01_Smpl_37_nonCOVID,Control,0.37551317072435036,-0.291943387413179,-0.03336570612518243,0.777913792589972,0.7506675194623369,0.6916589719554612,-0.0966145284750713,-0.46775383444367397,0.09445007320091883,-0.13837209462763145,0.35260981540731584,0.11661182111777724,-0.2312392216547257,-0.06357841275469293,1.0291410801036303,-0.3363966850562047,-0.36109695728574076,1.2062838065970987,0.3006167634471048,1.0486109014503646,0.4960279699881579,0.026935456443290266,-0.8890332293101788,0.3187746745043519,1.9536772319912523,0.07517965837877064,-0.31637899031097655,-0.7594270734854669,-1.7834554816726655,-0.04379032322235314,-0.2465401593187374
METAB01_Smpl_38_nonCOVID,Control,0.09775706180584756,-0.42411426620274884,-0.44563556220160194,0.7605017515731513,-0.3923224694929018,-0.7772126243184136,0.026476955042093794,1.299472731237588,1.0697147638614597,0.21984213992790383,0.11415208676020705,0.4188427919088837,-0.4874271467807937,0.3523218921085584,0.541072875772981,0.8232375700728114,0.21419841779261412,-0.9810446563700402,-0.6146993363334691,0.039603560230222795,1.2283062920968124,0.010822152016496328,-0.8206353014263362,-0.5038731117678257,0.8857434586515569,-0.4332444197898327,-0.3536420077693,0.31177196078732927,-0.028788939388477666,-0.20951675998086142,0.12355680468246971
METAB01_Smpl_39_nonCOVID,Control,1.6828630332572858,-1.5419355982733098,-1.7494882789692245,0.6412861197470264,-2.223607892635817,-0.026363408054384706,-0.7301632306871868,0.10100224388121819,-0.5605620873965882,0.7922915015027486,-0.2317197852066625,0.9528168867815409,-1.285764354905033,0.678275055150708,0.8126231206566689,-0.049925320324679744,-0.7377348663351533,-0.001261507381455284,-1.7212526473421765,-0.8200697850862079,-1.0889016327095398,0.45189332910052316,-0.8344748727147108,0.3430573007758582,0.200237932334994,0.041188225204236484,-1.2206580758590717,-1.2245952491191412,-0.6650006739119939,-0.7996211640988733,-0.5882030598136951
METAB01_Smpl_40_nonCOVID,Control,0.7582177613657114,-1.0442303648191302,-1.1715744154889352,0.9358337878203143,-1.3120101906376058,0.3115046851234221,-1.269272728950924,0.22662062778145506,-0.10781899271289613,0.4746777217441147,0.4435549915731998,0.617519833165794,-0.8989095051149287,0.6445323504715424,0.4196629841811609,0.23324249999083516,-0.6499863107564368,-0.6376305542191493,-1.3550556992176925,-1.1795395999740765,0.30177746359010965,0.5224072860490412,-0.6645878580942863,0.6084526618265119,0.14647656640351375,0.8255983960098513,-0.5093151369087473,-0.6284749605190535,-0.19750347909247518,-0.5375127046710335,-0.5608953880348926
METAB01_Smpl_41_nonCOVID,Control,-0.6571756823368184,-0.1129329731854461,-2.4449233591587607,0.5982216181751104,-1.2642254109149913,0.9285378969403943,1.2280705398925442,0.8270100425202238,0.04524533828935724,0.7681246059634891,1.5354593076975058,0.49323394606064824,-0.8125172728394704,-2.4608529182556613,1.251783444209389,1.1619387836537367,-1.2711884546506975,0.8177250981622732,-0.24345873652378602,1.7466606396701976,0.652788542252228,0.0594051311815293,-0.8123582145118287,0.8759807448501848,1.1602263654687364,1.6689470302262355,1.1059529803438175,0.4541272673656392,-0.261740009154528,1.1942898465445704,1.012490712278539
METAB01_Smpl_42_nonCOVID,Control,-2.0441487577310005,-1.0311556030483104,-1.519362376475174,0.3370501028515814,-1.6402542917660965,0.711376836473821,-0.8252496719236458,-1.174397607423009,-0.9143471497132882,0.9116298593317902,0.37651503936604097,-0.034009809464667855,-1.5466146071339533,-1.6471600064276795,1.4966861986893645,0.37992679891881453,-0.7588244549683671,0.5818233027177018,-1.6342737670656924,-0.3548140227516954,0.30141129412850576,-0.20755713959150854,-0.7828021208535174,0.27541007286239394,1.0168207927971449,0.27439045378883375,-0.3211561518608772,0.4140589290095693,0.5984732711085541,0.6884640609544509,1.6205452952424362
