database_identifier,Neurotransmitter release cycle,Neurotransmitter clearance,Transmission across Chemical Synapses,Neuronal System,Metabolism,Synthesis of PC,Glycerophospholipid biosynthesis,Phospholipid metabolism,Metabolism of nucleotides,Signal Transduction,Disease,Acetylcholine Neurotransmitter Release Cycle,Signaling by GPCR,Class A/1 (Rhodopsin-like receptors),Transport of small molecules,GPCR downstream signalling,Metabolism of proteins,G alpha (i) signalling events,"Transport of bile salts and organic acids, metal ions and amine compounds","Transport of vitamins, nucleosides, and related molecules",SLC-mediated transmembrane transport,GPCR ligand binding,Organic cation transport,Organic cation/anion/zwitterion transport,Metabolism of lipids,SLC transporter disorders,Disorders of transmembrane transporters,Diseases of metabolism,Metabolism of amino acids and derivatives,Purine salvage,Purine catabolism,Transport of nucleosides and free purine and pyrimidine bases across the plasma membrane,Nucleotide catabolism,Nucleotide salvage,Diseases of nucleotide metabolism,group_type
C16,-0.4847266128696339,-0.4847266128696339,-0.4847266128696339,-0.4847266128696339,0.39561752419544305,-0.4847266128696339,-0.4847266128696339,-0.4847266128696339,-0.4528959536182179,-0.29126627187964577,-0.4396298396504688,-0.4847266128696339,-0.30581035700059267,-0.30581035700059267,0.5666189938013835,-0.30581035700059267,-0.3180082835587265,-0.30581035700059267,-0.5301498222114687,-0.3897961839249859,0.5666189938013835,-0.30581035700059267,-0.5558497486101676,-0.5301498222114687,-0.09977771949515753,-0.3071368563140683,-0.3071368563140683,-0.3897961839249859,-0.4961348175651852,-0.3897961839249859,-0.4528959536182179,-0.3897961839249859,-0.4528959536182179,-0.3897961839249859,-0.3897961839249859,Control
C21,0.6648324233968121,0.6648324233968121,0.6648324233968121,0.6648324233968121,0.11332396485522428,0.6648324233968121,0.6648324233968121,0.6648324233968121,0.12190667489617737,0.5589011349957642,0.08668339735683173,0.6648324233968121,0.6533061499798413,0.6533061499798413,-0.5848261648274851,0.6533061499798413,0.5428786860132824,0.6533061499798413,0.6123909668886396,0.29052687148119855,-0.5848261648274851,0.6533061499798413,0.5497790142679002,0.6123909668886396,0.7129648194303569,-0.23580228172231693,-0.23580228172231693,0.29052687148119855,0.6341297587900451,0.29052687148119855,0.12190667489617737,0.29052687148119855,0.12190667489617737,0.29052687148119855,0.29052687148119855,Control
C25,-0.3270553122052361,-0.3270553122052361,-0.3270553122052361,-0.3270553122052361,0.4037045400004831,-0.3270553122052361,-0.3270553122052361,-0.3270553122052361,-0.31907691858302084,-0.29126627187964577,-0.3591809358624045,-0.3270553122052361,-0.30581035700059267,-0.30581035700059267,-0.41175952787466247,-0.30581035700059267,-0.47519275366902664,-0.30581035700059267,0.6366336788515681,-0.2874836024038325,-0.41175952787466247,-0.30581035700059267,0.686701569335175,0.6366336788515681,-0.12557000963672563,-0.5312507331781937,-0.5312507331781937,-0.2874836024038325,0.5828431946109444,-0.2874836024038325,-0.31907691858302084,-0.2874836024038325,-0.31907691858302084,-0.2874836024038325,-0.2874836024038325,Control
C31,-0.0002288788670530717,-0.0002288788670530717,-0.0002288788670530717,-0.0002288788670530717,0.3946554435627055,-0.0002288788670530717,-0.0002288788670530717,-0.0002288788670530717,-0.5231400164939989,-0.38681773932259095,-0.41591543345393284,-0.0002288788670530717,-0.39903201378351427,-0.39903201378351427,-0.2630341499570514,-0.39903201378351427,-0.47519275366902664,-0.39903201378351427,0.5906173694779636,-0.5143602201907957,-0.2630341499570514,-0.39903201378351427,0.6048601327036688,0.5906173694779636,0.00024378122523608907,-0.35899290175424203,-0.35899290175424203,-0.5143602201907957,0.6532002101681393,-0.5143602201907957,-0.5231400164939989,-0.5143602201907957,-0.5231400164939989,-0.5143602201907957,-0.5143602201907957,Control
C37,0.5487284842915133,0.5487284842915133,0.5487284842915133,0.5487284842915133,0.11852102647963651,0.5487284842915133,0.5487284842915133,0.5487284842915133,-0.5203266488205226,0.5856380266450819,-0.2570996059955301,0.5487284842915133,0.40923503915825954,0.40923503915825954,-0.31795433384743677,0.40923503915825954,0.3930020310559846,0.40923503915825954,0.5288388427092805,-0.4939238271576244,-0.31795433384743677,0.40923503915825954,0.4635728859361571,0.5288388427092805,0.5747414305342545,-0.13876588940280368,-0.13876588940280368,-0.4939238271576244,0.6241389231297296,-0.4939238271576244,-0.5203266488205226,-0.4939238271576244,-0.5203266488205226,-0.4939238271576244,-0.4939238271576244,Control
C38,-0.6307306869722652,-0.6307306869722652,-0.6307306869722652,-0.6307306869722652,0.3773870037490609,-0.6307306869722652,-0.6307306869722652,-0.6307306869722652,-0.4174105180102388,-0.5262077528467287,-0.4243810067313822,-0.6307306869722652,-0.5641108395476454,-0.5641108395476454,0.5472346463189733,-0.5641108395476454,-0.6020547196290221,-0.5641108395476454,-0.6171169239389258,-0.33524849700969667,0.5472346463189733,-0.5641108395476454,-0.6259987812121027,-0.6171169239389258,-0.517036000794726,-0.4348985159841384,-0.4348985159841384,-0.33524849700969667,-0.5915147814037242,-0.33524849700969667,-0.4174105180102388,-0.33524849700969667,-0.4174105180102388,-0.33524849700969667,-0.33524849700969667,Control
C4,0.6344994797934328,0.6344994797934328,0.6344994797934328,0.6344994797934328,-0.2051868558644822,0.6344994797934328,0.6344994797934328,0.6344994797934328,0.5362686767567109,0.5340095318225354,0.47831245359507224,0.6344994797934328,0.6280318823766886,0.6280318823766886,-0.030505147752024557,0.6280318823766886,0.665930384543371,0.6280318823766886,-0.22788278364584733,0.6862950421897425,-0.030505147752024557,0.6280318823766886,-0.5493908225464412,-0.22788278364584733,0.608400335824397,0.4607531888295975,0.4607531888295975,0.6862950421897425,-0.31280855773737964,0.6862950421897425,0.5362686767567109,0.6862950421897425,0.5362686767567109,0.6862950421897425,0.6862950421897425,Control
C40,0.007310480842272782,0.007310480842272782,0.007310480842272782,0.007310480842272782,-0.3873134945318993,0.007310480842272782,0.007310480842272782,0.007310480842272782,0.3684672562884522,0.2791653648725481,0.2988191169092343,0.007310480842272782,0.05527395521955022,0.05527395521955022,-0.5111184304159938,0.05527395521955022,0.1086833178222903,0.05527395521955022,0.6643098160132584,0.4008713514478403,-0.5111184304159938,0.05527395521955022,0.6807173983191779,0.6643098160132584,0.19462480078691952,-0.4726340562650958,-0.4726340562650958,0.4008713514478403,0.16578355458455116,0.4008713514478403,0.3684672562884522,0.4008713514478403,0.3684672562884522,0.4008713514478403,0.4008713514478403,Control
C45,0.309862554061545,0.309862554061545,0.309862554061545,0.309862554061545,0.34892395192191683,0.309862554061545,0.309862554061545,0.309862554061545,-0.41563510778089546,0.12256255629725592,-0.4508953115611047,0.309862554061545,0.2182516082646576,0.2182516082646576,0.5532877245453146,0.2182516082646576,0.1792326553541306,0.2182516082646576,-0.5022081011250452,-0.3486106962455464,0.5532877245453146,0.2182516082646576,-0.5229293859604475,-0.5022081011250452,0.4192326601592946,-0.3701714129465511,-0.3701714129465511,-0.3486106962455464,-0.2981447130509283,-0.3486106962455464,-0.41563510778089546,-0.3486106962455464,-0.41563510778089546,-0.3486106962455464,-0.3486106962455464,Control
C46,0.5888317593919611,0.5888317593919611,0.5888317593919611,0.5888317593919611,0.1026851127072463,0.5888317593919611,0.5888317593919611,0.5888317593919611,-0.24931935550091333,0.6576254898687813,-0.28531568825778636,0.5888317593919611,0.6290607521241022,0.6290607521241022,0.413050319380733,0.6290607521241022,0.6226844415214858,0.6290607521241022,-0.4059747882385799,-0.1339063527604217,0.413050319380733,0.6290607521241022,-0.42082107532775886,-0.4059747882385799,0.6492701577064826,-0.15394028131284462,-0.15394028131284462,-0.1339063527604217,-0.3293640043848456,-0.1339063527604217,-0.24931935550091333,-0.1339063527604217,-0.24931935550091333,-0.1339063527604217,-0.1339063527604217,Control
C47,0.35428222413528454,0.35428222413528454,0.35428222413528454,0.35428222413528454,0.2901184166621848,0.35428222413528454,0.35428222413528454,0.35428222413528454,-0.05252003052867446,0.513263221298139,-0.09454004106813722,0.35428222413528454,0.4202191546056867,0.4202191546056867,-0.443496397769247,0.4202191546056867,-0.04810721686854874,0.4202191546056867,0.5882485389517347,0.01359501122083348,-0.443496397769247,0.4202191546056867,0.644557313567845,0.5882485389517347,0.1781342902084044,-0.48468950259925137,-0.48468950259925137,0.01359501122083348,0.5450267931783387,0.01359501122083348,-0.05252003052867446,0.01359501122083348,-0.05252003052867446,0.01359501122083348,0.01359501122083348,Control
C49,0.5888317593919611,0.5888317593919611,0.5888317593919611,0.5888317593919611,0.15567237568487044,0.5888317593919611,0.5888317593919611,0.5888317593919611,-0.48390951467311527,0.673150982771183,-0.48600293574638004,0.5888317593919611,0.640782175064243,0.640782175064243,0.3914249901568857,0.640782175064243,0.40840820644496023,0.640782175064243,-0.39593459472397624,-0.4712145964905367,0.3914249901568857,0.640782175064243,-0.40485909118036767,-0.39593459472397624,0.6492701577064826,-0.5086813119692656,-0.5086813119692656,-0.4712145964905367,-0.31663806605925193,-0.4712145964905367,-0.48390951467311527,-0.4712145964905367,-0.48390951467311527,-0.4712145964905367,-0.4712145964905367,Control
C5,0.4720271982040433,0.4720271982040433,0.4720271982040433,0.4720271982040433,-0.13198126025538276,0.4720271982040433,0.4720271982040433,0.4720271982040433,0.02164630263835509,0.6237352837914907,0.0039794784044524,0.4720271982040433,0.6997352998448261,0.6997352998448261,-0.1338146663511624,0.6997352998448261,0.6282385841710221,0.6997352998448261,0.2982233750832876,-0.24010737574302793,-0.1338146663511624,0.6997352998448261,0.5636109009634932,0.2982233750832876,0.021314576204519868,0.3416339982153693,0.3416339982153693,-0.24010737574302793,0.4815304047335936,-0.24010737574302793,0.02164630263835509,-0.24010737574302793,0.02164630263835509,-0.24010737574302793,-0.24010737574302793,Control
C51,-0.6307306869722652,-0.6307306869722652,-0.6307306869722652,-0.6307306869722652,-0.22552809501438323,-0.6307306869722652,-0.6307306869722652,-0.6307306869722652,0.4270411525079783,-0.08870798025290129,0.4661381847760801,-0.6307306869722652,-0.07677727923893048,-0.07677727923893048,-0.17805771041163188,-0.07677727923893048,-0.5807055019068328,-0.07677727923893048,0.07211926622258928,-0.24276734734343192,-0.17805771041163188,-0.07677727923893048,0.3840567830684792,0.07211926622258928,-0.517036000794726,0.6236743537621149,0.6236743537621149,-0.24276734734343192,0.31543845136387816,-0.24276734734343192,0.4270411525079783,-0.24276734734343192,0.4270411525079783,-0.24276734734343192,-0.24276734734343192,Control
C53,0.585438839284253,0.585438839284253,0.585438839284253,0.585438839284253,-0.2928128701820412,0.585438839284253,0.585438839284253,0.585438839284253,0.12774232999984206,0.7098183652821082,0.05061856316319404,0.585438839284253,0.7163607249032867,0.7163607249032867,0.3276840179061635,0.7163607249032867,0.6782038940210124,0.7163607249032867,-0.5045278685690331,0.25555956281147535,0.3276840179061635,0.7163607249032867,-0.5928544669746796,-0.5045278685690331,0.09688914851531526,0.15413570399819415,0.15413570399819415,0.25555956281147535,-0.4977044225280263,0.25555956281147535,0.12774232999984206,0.25555956281147535,0.12774232999984206,0.25555956281147535,0.25555956281147535,Control
C7,-0.2545930229390656,-0.2545930229390656,-0.2545930229390656,-0.2545930229390656,-0.4170461849291873,-0.2545930229390656,-0.2545930229390656,-0.2545930229390656,0.41931679404958794,-0.1563427902418122,0.49807280325193753,-0.2545930229390656,-0.11587689181168014,-0.11587689181168014,-0.14990380243674795,-0.11587689181168014,-0.27577021535034957,-0.11587689181168014,0.02631279628403082,-0.2293294051848104,-0.14990380243674795,-0.11587689181168014,-0.587867029749278,0.02631279628403082,-0.3090623847924077,0.5808820011295678,0.5808820011295678,-0.2293294051848104,-0.45122984280109296,-0.2293294051848104,0.41931679404958794,-0.2293294051848104,0.41931679404958794,-0.2293294051848104,-0.2293294051848104,Control
C8,0.24635206464997556,0.24635206464997556,0.24635206464997556,0.24635206464997556,-0.43322374961800336,0.24635206464997556,0.24635206464997556,0.24635206464997556,0.46382332946149696,0.6096256798892311,0.5217533906990087,0.24635206464997556,0.5236285527478142,0.5236285527478142,-0.09923472650580573,0.5236285527478142,0.3987044565474055,0.5236285527478142,0.004909961844216406,-0.17116806945780336,-0.09923472650580573,0.5236285527478142,-0.5783772305651088,0.004909961844216406,-0.12044104177972036,0.6498595143293319,0.6498595143293319,-0.17116806945780336,-0.4287491505134419,-0.17116806945780336,0.46382332946149696,-0.17116806945780336,0.46382332946149696,-0.17116806945780336,-0.17116806945780336,Control
C9,0.22138711541499814,0.22138711541499814,0.22138711541499814,0.22138711541499814,-0.019397730164702368,0.22138711541499814,0.22138711541499814,0.22138711541499814,-0.16070224406585265,0.2972662569608009,-0.2304963735330263,0.22138711541499814,0.37208899744080765,0.37208899744080765,0.47528130513950484,0.37208899744080765,0.4058454174371639,0.37208899744080765,-0.5426155699750976,0.0005281843245624481,0.47528130513950484,0.37208899744080765,-0.5710140993875805,-0.5426155699750976,0.03107669450385271,-0.01920817478723908,-0.01920817478723908,0.0005281843245624481,-0.15051735189059892,0.0005281843245624481,-0.16070224406585265,0.0005281843245624481,-0.16070224406585265,0.0005281843245624481,0.0005281843245624481,Control
D10,0.420876731154058,0.420876731154058,0.420876731154058,0.420876731154058,-0.01614137175691715,0.420876731154058,0.420876731154058,0.420876731154058,0.0916876761156669,0.08084002528659709,0.0637303268300614,0.420876731154058,0.17211499699461694,0.17211499699461694,-0.37933213218873957,0.17211499699461694,0.4058454174371639,0.17211499699461694,0.5448867466965849,0.3091521420618281,-0.37933213218873957,0.17211499699461694,0.563417235274543,0.5448867466965849,0.5375930725152418,0.08651582695512143,0.08651582695512143,0.3091521420618281,0.2337155941304898,0.3091521420618281,0.0916876761156669,0.3091521420618281,0.0916876761156669,0.3091521420618281,0.3091521420618281,Case
D11,0.18345804312202713,0.18345804312202713,0.18345804312202713,0.18345804312202713,0.21325444821169295,0.18345804312202713,0.18345804312202713,0.18345804312202713,-0.5122933788399618,0.3274473771891044,-0.5412196879582606,0.18345804312202713,0.39288614676658573,0.39288614676658573,0.5958786856190222,0.39288614676658573,-0.04810721686854874,0.39288614676658573,-0.6280529984372637,-0.4646976763054541,0.5958786856190222,0.39288614676658573,-0.6417000525063266,-0.6280529984372637,-0.17767384095242175,-0.5229676205093755,-0.5229676205093755,-0.4646976763054541,-0.5643149261224312,-0.4646976763054541,-0.5122933788399618,-0.4646976763054541,-0.5122933788399618,-0.4646976763054541,-0.4646976763054541,Case
D12,-0.42672795763246096,-0.42672795763246096,-0.42672795763246096,-0.42672795763246096,0.18948508838255587,-0.42672795763246096,-0.42672795763246096,-0.42672795763246096,-0.5164167452401861,-0.5265562599725622,-0.22634767135199227,-0.42672795763246096,-0.5710265345736696,-0.5710265345736696,0.1838757218887397,-0.5710265345736696,-0.6020547196290221,-0.5710265345736696,-0.05671827995612233,-0.5175083437582311,0.1838757218887397,-0.5710265345736696,0.011195442585190127,-0.05671827995612233,-0.21873137853006877,-0.03324157078386807,-0.03324157078386807,-0.5175083437582311,0.0007557890861960925,-0.5175083437582311,-0.5164167452401861,-0.5175083437582311,-0.5164167452401861,-0.5175083437582311,-0.5175083437582311,Case
D13,-0.5162683064228211,-0.5162683064228211,-0.5162683064228211,-0.5162683064228211,0.4687221875661352,-0.5162683064228211,-0.5162683064228211,-0.5162683064228211,-0.5476029583639498,-0.5262077528467287,-0.5555493830923321,-0.5162683064228211,-0.5641108395476454,-0.5641108395476454,-0.06763928634757839,-0.5641108395476454,-0.6020547196290221,-0.5641108395476454,0.43657868447716874,-0.5263798918493678,-0.06763928634757839,-0.5641108395476454,0.533479287449458,0.43657868447716874,-0.09039017076340915,-0.5259619293617761,-0.5259619293617761,-0.5263798918493678,0.3740815530554501,-0.5263798918493678,-0.5476029583639498,-0.5263798918493678,-0.5476029583639498,-0.5263798918493678,-0.5263798918493678,Case
D15,-0.24056883275415497,-0.24056883275415497,-0.24056883275415497,-0.24056883275415497,0.11634344460980564,-0.24056883275415497,-0.24056883275415497,-0.24056883275415497,-0.31798851261457717,-0.47961965846973875,-0.2737388283900325,-0.24056883275415497,-0.5248277336734982,-0.5248277336734982,0.4525303067572481,-0.5248277336734982,-0.4892747593378165,-0.5248277336734982,-0.3949908408768036,-0.4145770400708962,0.4525303067572481,-0.5248277336734982,-0.4254084733362706,-0.3949908408768036,-0.2796383103957446,-0.07255543691299325,-0.07255543691299325,-0.4145770400708962,-0.24614976289919543,-0.4145770400708962,-0.31798851261457717,-0.4145770400708962,-0.31798851261457717,-0.4145770400708962,-0.4145770400708962,Case
D16,-0.5611381286463296,-0.5611381286463296,-0.5611381286463296,-0.5611381286463296,0.25943531876446524,-0.5611381286463296,-0.5611381286463296,-0.5611381286463296,-0.1616267849380729,-0.5621699817705704,-0.22745909797282884,-0.5611381286463296,-0.5919573345227148,-0.5919573345227148,0.5083860599675855,-0.5919573345227148,-0.28446991752188294,-0.5919573345227148,-0.6000935691851,0.0005281843245624481,0.5083860599675855,-0.5919573345227148,-0.6177806081921254,-0.6000935691851,-0.4669170745053035,-0.005764548505279976,-0.005764548505279976,0.0005281843245624481,-0.5182256119984248,0.0005281843245624481,-0.1616267849380729,0.0005281843245624481,-0.1616267849380729,0.0005281843245624481,0.0005281843245624481,Case
D19,-0.6289320282077541,-0.6289320282077541,-0.6289320282077541,-0.6289320282077541,0.3427017245014034,-0.6289320282077541,-0.6289320282077541,-0.6289320282077541,-0.48390951467311527,-0.5621699817705704,-0.4306100126036258,-0.6289320282077541,-0.5919573345227148,-0.5919573345227148,0.5321677171851921,-0.5919573345227148,-0.6322256198553668,-0.5919573345227148,-0.6005126371513425,-0.4712145964905367,0.5321677171851921,-0.5919573345227148,-0.6013670421848353,-0.6005126371513425,-0.5452734595183631,-0.37168067742160144,-0.37168067742160144,-0.4712145964905367,-0.5740703991650368,-0.4712145964905367,-0.48390951467311527,-0.4712145964905367,-0.48390951467311527,-0.4712145964905367,-0.4712145964905367,Case
D20,-0.38855377657932283,-0.38855377657932283,-0.38855377657932283,-0.38855377657932283,0.22981497085852662,-0.38855377657932283,-0.38855377657932283,-0.38855377657932283,-0.4134359291764536,0.25854499947769516,-0.14690524663924695,-0.38855377657932283,0.19352341384100846,0.19352341384100846,0.4020573820121669,0.19352341384100846,-0.559671430815938,0.19352341384100846,-0.34583193332197176,-0.3625687055713666,0.4020573820121669,0.19352341384100846,-0.2840772167983151,-0.34583193332197176,-0.43123938423468666,0.07609802542995271,0.07609802542995271,-0.3625687055713666,-0.38012980278899194,-0.3625687055713666,-0.4134359291764536,-0.3625687055713666,-0.4134359291764536,-0.3625687055713666,-0.3625687055713666,Case
D21,-0.5826480539787529,-0.5826480539787529,-0.5826480539787529,-0.5826480539787529,-0.25515679640249217,-0.5826480539787529,-0.5826480539787529,-0.5826480539787529,0.17377083142120245,-0.5265562599725622,0.19042404535759253,-0.5826480539787529,-0.5710265345736696,-0.5710265345736696,0.2251654150748126,-0.5710265345736696,-0.4892747593378165,-0.5710265345736696,-0.22414748419278593,-0.22928166413886844,0.2251654150748126,-0.5710265345736696,-0.5070865634257974,-0.22414748419278593,-0.20829849023040867,0.41055872970162116,0.41055872970162116,-0.22928166413886844,-0.41445206284586933,-0.22928166413886844,0.17377083142120245,-0.22928166413886844,0.17377083142120245,-0.22928166413886844,-0.22928166413886844,Case
D22,-0.1189998579439573,-0.1189998579439573,-0.1189998579439573,-0.1189998579439573,0.10372003955953964,-0.1189998579439573,-0.1189998579439573,-0.1189998579439573,0.19876366770922105,-0.16888151488014455,0.0876214498506271,-0.1189998579439573,-0.1271608549065681,-0.1271608549065681,0.2634021677285723,-0.1271608549065681,0.19302816103401157,-0.1271608549065681,-0.5613101525517838,0.41721810890615035,0.2634021677285723,-0.1271608549065681,-0.5857276249538822,-0.5613101525517838,-0.18334485033427034,0.015685247733670662,0.015685247733670662,0.41721810890615035,-0.4831404502594701,0.41721810890615035,0.19876366770922105,0.41721810890615035,0.19876366770922105,0.41721810890615035,0.41721810890615035,Case
D23,0.3790958147835284,0.3790958147835284,0.3790958147835284,0.3790958147835284,-0.39766579737226865,0.3790958147835284,0.3790958147835284,0.3790958147835284,0.6241541116794608,0.2793417039975966,0.48034773618888105,0.3790958147835284,0.5040754104232852,0.5040754104232852,-0.48454807860542265,0.5040754104232852,0.109105722276775,0.5040754104232852,0.5857398060121057,0.7813046217931456,-0.48454807860542265,0.5040754104232852,0.6388714503796163,0.5857398060121057,0.19418923267634938,0.053777673530908766,0.053777673530908766,0.7813046217931456,0.12980841880483115,0.7813046217931456,0.6241541116794608,0.7813046217931456,0.6241541116794608,0.7813046217931456,0.7813046217931456,Case
D25,0.20247952366532307,0.20247952366532307,0.20247952366532307,0.20247952366532307,-0.16824259561110846,0.20247952366532307,0.20247952366532307,0.20247952366532307,0.5462673082556206,0.12256255629725592,0.4541745473269504,0.20247952366532307,0.2182516082646576,0.2182516082646576,-0.08517404420868115,0.2182516082646576,0.1792326553541306,0.2182516082646576,-0.6241930788618443,0.6228083701338578,-0.08517404420868115,0.2182516082646576,-0.6354129114611394,-0.6241930788618443,0.32218787673235977,-0.3864932485790542,-0.3864932485790542,0.6228083701338578,-0.5562684756319533,0.6228083701338578,0.5462673082556206,0.6228083701338578,0.5462673082556206,0.6228083701338578,0.6228083701338578,Case
D26,-0.4564279617987098,-0.4564279617987098,-0.4564279617987098,-0.4564279617987098,-0.4269621695453724,-0.4564279617987098,-0.4564279617987098,-0.4564279617987098,0.544145609508842,-0.2149692124913245,0.5205262820737812,-0.4564279617987098,-0.2201806508293447,-0.2201806508293447,-0.26295607527219955,-0.2201806508293447,0.21061676428775525,-0.2201806508293447,0.2894989447660112,0.46564715993835876,-0.26295607527219955,-0.2201806508293447,0.39494753070884236,0.2894989447660112,-0.44508553829636843,0.5695701551701842,0.5695701551701842,0.46564715993835876,0.3300870530478006,0.46564715993835876,0.544145609508842,0.46564715993835876,0.544145609508842,0.46564715993835876,0.46564715993835876,Case
D27,0.05876166473353148,0.05876166473353148,0.05876166473353148,0.05876166473353148,-0.40625752711314067,0.05876166473353148,0.05876166473353148,0.05876166473353148,0.5980375350695016,-0.3812653223377657,0.38619825211332676,0.05876166473353148,-0.3982801870580232,-0.3982801870580232,-0.14592132240209607,-0.3982801870580232,0.19275211434072798,-0.3982801870580232,-0.0022851647524877693,0.7489729839506998,-0.14592132240209607,-0.3982801870580232,0.03826438021981777,-0.0022851647524877693,0.03544046639529129,0.4398557066211576,0.4398557066211576,0.7489729839506998,-0.012518650829170953,0.7489729839506998,0.5980375350695016,0.7489729839506998,0.5980375350695016,0.7489729839506998,0.7489729839506998,Case
D28,-0.08490664777835027,-0.08490664777835027,-0.08490664777835027,-0.08490664777835027,-0.3388668103751232,-0.08490664777835027,-0.08490664777835027,-0.08490664777835027,0.5292374396667988,-0.2127245222051387,0.4753414916313909,-0.08490664777835027,-0.12454908395414262,-0.12454908395414262,-0.13262568056546475,-0.12454908395414262,0.11064014316741029,-0.12454908395414262,-0.3851302215621008,0.4563073342934761,-0.13262568056546475,-0.12454908395414262,-0.3123611083172452,-0.3851302215621008,-0.09953133213834306,0.5371066049136699,0.5371066049136699,0.4563073342934761,-0.32149624194658344,0.4563073342934761,0.5292374396667988,0.4563073342934761,0.5292374396667988,0.4563073342934761,0.4563073342934761,Case
D56,0.14561163774456232,0.14561163774456232,0.14561163774456232,0.14561163774456232,-0.3370022251947813,0.14561163774456232,0.14561163774456232,0.14561163774456232,0.6628246366598667,0.4691383043618781,0.5579850378506223,0.14561163774456232,0.4547344637048739,0.4547344637048739,-0.36457832627550973,0.4547344637048739,0.4058454174371639,0.4547344637048739,0.1945926868667285,0.728526457692209,-0.36457832627550973,0.4547344637048739,0.28449131872134764,0.1945926868667285,-0.1986272130478303,0.04867216724587943,0.04867216724587943,0.728526457692209,0.25791669823700025,0.728526457692209,0.6628246366598667,0.728526457692209,0.6628246366598667,0.728526457692209,0.728526457692209,Case
D58,0.623545578310375,0.623545578310375,0.623545578310375,0.623545578310375,-0.4259002776180773,0.623545578310375,0.623545578310375,0.623545578310375,0.46412048554082413,0.48291995165510726,0.4262238741974008,0.623545578310375,0.32400901096068063,0.32400901096068063,-0.24377370235915055,0.32400901096068063,0.6495369237099893,0.32400901096068063,0.10499178449197431,0.4292998533642156,-0.24377370235915055,0.32400901096068063,0.5033793090861048,0.10499178449197431,0.154997461870974,0.5124661310764972,0.5124661310764972,0.4292998533642156,0.5854147033876437,0.4292998533642156,0.46412048554082413,0.4292998533642156,0.46412048554082413,0.4292998533642156,0.4292998533642156,Case
D59,-0.49437650830502294,-0.49437650830502294,-0.49437650830502294,-0.49437650830502294,0.3474912541565635,-0.49437650830502294,-0.49437650830502294,-0.49437650830502294,-0.2744721304236144,-0.5262077528467287,-0.3169056780438819,-0.49437650830502294,-0.5641108395476454,-0.5641108395476454,-0.37734846849108444,-0.5641108395476454,-0.4892747593378165,-0.5641108395476454,0.6228225241402879,-0.17116806945780336,-0.37734846849108444,-0.5641108395476454,0.6822371614664491,0.6228225241402879,-0.39326207039083516,-0.37938677574793095,-0.37938677574793095,-0.17116806945780336,0.6183394191631922,-0.17116806945780336,-0.2744721304236144,-0.17116806945780336,-0.2744721304236144,-0.17116806945780336,-0.17116806945780336,Case
DE10,-0.6325753490112443,-0.6325753490112443,-0.6325753490112443,-0.6325753490112443,0.13378860461911185,-0.6325753490112443,-0.6325753490112443,-0.6325753490112443,-0.2507313950896378,-0.5619385734926301,-0.2489971286594838,-0.6325753490112443,-0.5825135908237329,-0.5825135908237329,-0.23634520375286586,-0.5825135908237329,-0.559671430815938,-0.5825135908237329,0.4620218763396935,-0.2813496334180781,-0.23634520375286586,-0.5825135908237329,0.5776496086902662,0.4620218763396935,-0.5044681454859125,-0.11645300702078526,-0.11645300702078526,-0.2813496334180781,0.4336834638814067,-0.2813496334180781,-0.2507313950896378,-0.2813496334180781,-0.2507313950896378,-0.2813496334180781,-0.2813496334180781,Case
DE11,-0.19027917151267634,-0.19027917151267634,-0.19027917151267634,-0.19027917151267634,-0.3191831180200509,-0.19027917151267634,-0.19027917151267634,-0.19027917151267634,0.35260360049048634,-0.16888151488014455,0.3030815706981145,-0.19027917151267634,-0.1271608549065681,-0.1271608549065681,-0.20217383589676546,-0.1271608549065681,0.31390493852638035,-0.1271608549065681,0.48597125796270807,0.3898510683745195,-0.20217383589676546,-0.1271608549065681,0.5787470202436702,0.48597125796270807,-0.24636396799996527,0.5268005758324271,0.5268005758324271,0.3898510683745195,0.14918406606077134,0.3898510683745195,0.35260360049048634,0.3898510683745195,0.35260360049048634,0.3898510683745195,0.3898510683745195,Case
DE12,-0.2059579339573462,-0.2059579339573462,-0.2059579339573462,-0.2059579339573462,0.11052135002709759,-0.2059579339573462,-0.2059579339573462,-0.2059579339573462,-0.46147650180648486,-0.3740580741434367,-0.4615339910619998,-0.2059579339573462,-0.3061750607867589,-0.3061750607867589,0.5225070912641975,-0.3061750607867589,-0.44534158634262794,-0.3061750607867589,-0.5556464169332783,-0.3840457864595208,0.5225070912641975,-0.3061750607867589,-0.4945591806296274,-0.5556464169332783,-0.25499554486932563,-0.48115810055469777,-0.48115810055469777,-0.3840457864595208,-0.35964315378230405,-0.3840457864595208,-0.46147650180648486,-0.3840457864595208,-0.46147650180648486,-0.3840457864595208,-0.3840457864595208,Case
DE5,-0.47750898987094126,-0.47750898987094126,-0.47750898987094126,-0.47750898987094126,0.4025571996562424,-0.47750898987094126,-0.47750898987094126,-0.47750898987094126,-0.4503149588963067,-0.29126627187964577,-0.4352884606063931,-0.47750898987094126,-0.30581035700059267,-0.30581035700059267,-0.12912954147483643,-0.30581035700059267,-0.47519275366902664,-0.30581035700059267,0.39440219188761205,-0.4351255642049691,-0.12912954147483643,-0.30581035700059267,0.49242075391831314,0.39440219188761205,-0.417729258883883,-0.4304437293599288,-0.4304437293599288,-0.4351255642049691,0.40759626767607515,-0.4351255642049691,-0.4503149588963067,-0.4351255642049691,-0.4503149588963067,-0.4351255642049691,-0.4351255642049691,Case
DE51,0.5524056316779666,0.5524056316779666,0.5524056316779666,0.5524056316779666,0.12487286838552447,0.5524056316779666,0.5524056316779666,0.5524056316779666,-0.04022557938632908,0.5504087108177239,0.029585700695058684,0.5524056316779666,0.6004236264753541,0.6004236264753541,-0.21278960090942495,0.6004236264753541,0.573070610983264,0.6004236264753541,0.34235172246037743,0.1541970148812577,-0.21278960090942495,0.6004236264753541,0.35415679565004454,0.34235172246037743,0.47967242299066887,0.17190518475091549,0.17190518475091549,0.1541970148812577,0.45394190852214455,0.1541970148812577,-0.04022557938632908,0.1541970148812577,-0.04022557938632908,0.1541970148812577,0.1541970148812577,Case
DE52,0.11114071430015378,0.11114071430015378,0.11114071430015378,0.11114071430015378,-0.3283566998075056,0.11114071430015378,0.11114071430015378,0.11114071430015378,0.621862415413519,-0.5621699817705704,0.4350209451195591,0.11114071430015378,-0.5919573345227148,-0.5919573345227148,-0.37813756015372524,-0.5919573345227148,-0.28446991752188294,-0.5919573345227148,0.2643805070500557,0.7839653501863234,-0.37813756015372524,-0.5919573345227148,0.20622925833859412,0.2643805070500557,0.26889392729521533,0.3878700350419233,0.3878700350419233,0.7839653501863234,0.16363983175315472,0.7839653501863234,0.621862415413519,0.7839653501863234,0.621862415413519,0.7839653501863234,0.7839653501863234,Case
DE53,0.11855298581893249,0.11855298581893249,0.11855298581893249,0.11855298581893249,-0.3668306222769132,0.11855298581893249,0.11855298581893249,0.11855298581893249,0.5845536589396658,-0.4497752645864098,0.46572166613077726,0.11855298581893249,-0.48981689161290154,-0.48981689161290154,-0.24013145492917534,-0.48981689161290154,0.18149143649323102,-0.48981689161290154,0.015671257611463537,0.570474656186335,-0.24013145492917534,-0.48981689161290154,0.06070608329395618,0.015671257611463537,0.185447067899015,0.47269916546400403,0.47269916546400403,0.570474656186335,0.08372263706032447,0.570474656186335,0.5845536589396658,0.570474656186335,0.5845536589396658,0.570474656186335,0.570474656186335,Case
DE54,0.3156219970568506,0.3156219970568506,0.3156219970568506,0.3156219970568506,0.1557383925363933,0.3156219970568506,0.3156219970568506,0.3156219970568506,-0.4528107955451361,0.10006118316212076,0.027652044020277076,0.3156219970568506,0.1940467865850359,0.1940467865850359,0.10575682723547412,0.1940467865850359,0.1792326553541306,0.1940467865850359,-0.061191372878483065,-0.3897961839249859,0.10575682723547412,0.1940467865850359,0.017393879131387256,-0.061191372878483065,0.535908806689973,0.2217585732611916,0.2217585732611916,-0.3897961839249859,0.07923655177820686,-0.3897961839249859,-0.4528107955451361,-0.3897961839249859,-0.4528107955451361,-0.3897961839249859,-0.3897961839249859,Case
