database_identifier,Transmission across Chemical Synapses,Neuronal System,Developmental Biology,Aerobic respiration and respiratory electron transport,Metabolism,Phase II - Conjugation of compounds,Metabolism of nucleotides,Sulfur amino acid metabolism,Signal Transduction,Disease,Innate Immune System,Immune System,Toll-like Receptor Cascades,Metabolism of steroid hormones,Nicotinate metabolism,Metabolism of water-soluble vitamins and cofactors,Metabolism of vitamins and cofactors,Nicotinamide salvaging,Metabolism of amine-derived hormones,Biological oxidations,Cytochrome P450 - arranged by substrate type,Phase I - Functionalization of compounds,Miscellaneous substrates,Endogenous sterols,Xenobiotics,Generic Transcription Pathway,Abacavir ADME,Abacavir metabolism,Visual phototransduction,Cellular responses to stress,"Metabolism of ingested SeMet, Sec, MeSec into H2Se",Selenoamino acid metabolism,The canonical retinoid cycle in rods (twilight vision),Peptide hormone metabolism,HSP90 chaperone cycle for steroid hormone receptors (SHR) in the presence of ligand,Metabolism of polyamines,Signaling by GPCR,Class A/1 (Rhodopsin-like receptors),Olfactory Signaling Pathway,Transport of small molecules,GPCR downstream signalling,Metabolism of proteins,G alpha (s) signalling events,G alpha (i) signalling events,"Transport of bile salts and organic acids, metal ions and amine compounds",Transport of inorganic cations/anions and amino acids/oligopeptides,"Transport of vitamins, nucleosides, and related molecules",SLC-mediated transmembrane transport,Proton-coupled monocarboxylate transport,GPCR ligand binding,Diseases of Immune System,Signaling by Retinoic Acid,RA biosynthesis pathway,Organic cation/anion/zwitterion transport,Metabolism of lipids,Metabolic disorders of biological oxidation enzymes,Diseases associated with the TLR signaling cascade,Organic anion transport,Defective SLC29A3 causes histiocytosis-lymphadenopathy plus syndrome (HLAS),Defective SLC16A1 causes symptomatic deficiency in lactate transport (SDLT),SLC transporter disorders,Disorders of transmembrane transporters,Infectious disease,Diseases of metabolism,Surfactant metabolism,Regulation of TLR by endogenous ligand,Post-translational protein modification,tRNA modification in the nucleus and cytosol,Metabolism of fat-soluble vitamins,Pyruvate metabolism,Tryptophan catabolism,Metabolism of amino acids and derivatives,tRNA processing,Pyrimidine salvage,Pyrimidine catabolism,RNA Polymerase II Transcription,Base Excision Repair,DNA Repair,Gene expression (Transcription),Purine salvage,Purine catabolism,Transport of nucleosides and free purine and pyrimidine bases across the plasma membrane,Transcriptional regulation by RUNX2,Metabolism of RNA,Cellular responses to stimuli,Nucleotide catabolism,Nucleotide salvage,Metabolism of steroids,Signaling by Nuclear Receptors,Signaling by TGFB family members,FOXO-mediated transcription,Vitamin B6 activation to pyridoxal phosphate,Sensory Perception,Nucleotide salvage defects,Defective HPRT1 disrupts guanine and hypoxanthine salvage,Defective PNP disrupts phosphorolysis of (deoxy)guanosine and (deoxy)inosine,Nucleotide catabolism defects,Diseases of nucleotide metabolism,Drug ADME,Aspirin ADME,Retinoid metabolism and transport,Defective regulation of TLR7 by endogenous ligand,group_type
S00001166,0.18789388434872328,0.18789388434872328,-0.04812974395587659,0.2632843635461962,-0.052151373577803056,0.35048088285560647,-0.07489217073146531,-0.1644735858551403,0.21137453396175462,-0.3383801702401324,0.012433589494825347,0.012433589494825347,0.012433589494825347,-0.0010670677165043098,0.2632843635461962,0.35397553582320196,0.0069115303681062225,0.2632843635461962,-0.6326620872595909,0.06310740725219836,-0.1899436462873276,-0.18589896532214822,0.04094197231853047,0.27928401832822275,-0.18129223994063204,0.20807998496278257,-0.5810472991825201,-0.5810472991825201,0.2607790237015068,0.1625429738254837,-0.2866141759427501,-0.2866141759427501,-0.41639658332361257,0.015972906588322584,-0.0010670677165043098,0.26185766244140757,0.2421269285867838,0.18814490790623295,0.0390435760066901,-0.2659300085068898,0.11823010293085182,0.324630089795175,0.30105629714859083,-0.11386320107260174,-0.02077070561800776,0.14499286972787426,0.46204315024406223,-0.2659300085068898,0.07635202418395885,0.2421269285867838,0.012433589494825347,0.11164493839173263,0.11164493839173263,0.2064276124222574,0.18171609321058438,-0.3606076955856364,0.012433589494825347,-0.006816358065504097,-0.04439232333189826,0.07635202418395885,-0.36744190757964856,-0.36744190757964856,-0.2866141759427501,-0.1909418492936965,-0.5810472991825201,0.012433589494825347,0.26008954650112376,0.23901048543712858,0.5051703005881467,0.2632843635461962,0.3895978702304555,-0.2554717984754617,0.23901048543712858,0.46482239887490956,0.46482239887490956,0.20807998496278257,-0.5185523855327621,0.5083884463969098,0.20807998496278257,-0.4505669372606235,-0.2893490590513529,0.5135341357793112,-0.0010670677165043098,0.23901048543712858,0.1625429738254837,-0.07489217073146531,-0.17304189919148483,0.16173460662523417,0.11164493839173263,-0.04812974395587659,0.29509968587583735,0.7267869757410567,0.30165266236857846,0.483464067448404,-0.4747498607185457,-0.16803146213687936,-0.16803146213687936,-0.4505669372606235,-0.1494642031371598,0.07635202418395885,0.2607790237015068,0.012433589494825347,Control
S00001173,-0.29160836741971063,-0.29160836741971063,0.5833372344348634,0.2405852730419253,0.1845766242139636,-0.41501658920192247,-0.4513385554290465,0.3690353215355013,0.024349177975207036,0.18525230439324564,-0.5377061092798974,-0.5377061092798974,-0.5377061092798974,0.04381599874871324,0.2405852730419253,0.3924538582692482,0.2877518783728906,0.2405852730419253,-0.5942674289922416,-0.28290662956478557,-0.14049415077249433,-0.034408677056530994,-0.5913612914136196,0.18778369865353395,-0.5705691347127348,-0.17477143853455693,-0.6574574344012611,-0.6574574344012611,-0.49599968327253274,-0.10835755809585008,-0.35842843126698914,-0.35842843126698914,-0.07654236849151318,-0.3558559616228174,0.04381599874871324,-0.3998106971686692,0.1216189437546056,0.18425953711646242,0.29416474445702073,0.11303872691584084,0.09153902074233672,0.27021119254221737,-0.38525239934815936,0.13958893083679053,0.30809592526282414,0.26063599541499377,-0.035709917398169914,0.11303872691584084,0.2529256099005559,0.1216189437546056,-0.5377061092798974,-0.5835463666252053,-0.5835463666252053,-0.02260884917034805,-0.19734311119506578,0.47683266201450775,-0.5377061092798974,0.1419294023873082,0.412806398066457,0.2529256099005559,0.1145562694143611,0.1145562694143611,-0.35842843126698914,-0.21929782748601995,-0.6574574344012611,-0.5377061092798974,0.02083347128385548,-0.41125322997750563,-0.5223744784630279,0.2405852730419253,0.6917494760721629,-0.17382313233915023,-0.41125322997750563,-0.6405480274713286,-0.6405480274713286,-0.17477143853455693,0.6337873853428395,-0.47708617849151524,-0.17477143853455693,-0.30698097929154605,-0.3208168185679741,-0.20067514357379962,0.04381599874871324,-0.41125322997750563,-0.10835755809585008,-0.4513385554290465,0.36562415417362837,-0.08139581222842349,-0.5835463666252053,0.5833372344348634,-0.17354535648742186,0.748792448590911,-0.13948961753904002,-0.5130394627293984,0.6241319191070266,-0.5200615305182344,-0.5200615305182344,-0.30698097929154605,0.14354129969383925,0.2529256099005559,-0.49599968327253274,-0.5377061092798974,Control
S00001167,0.18360050267179856,0.18360050267179856,0.5180559947157914,-0.46444266377118726,0.12861879357685146,-0.1557131443236599,-0.06523060776620533,0.5471124218576361,-0.0024398185694672766,0.01741983720199145,-0.43907916405929354,-0.43907916405929354,-0.43907916405929354,-0.07772852438062444,-0.46444266377118726,-0.31272476120507897,0.15189251825687486,-0.46444266377118726,0.22559862096656413,0.2788680394380338,0.16851362643000795,0.30899959365955115,-0.21666626853646279,-0.31968241841252026,0.36084953249507407,-0.12952653815605653,0.2213922505415686,0.2213922505415686,-0.25784819512096246,0.2890674455414839,-0.46878974857551914,-0.46878974857551914,-0.4520679294234943,0.02532033508715629,-0.07772852438062444,-0.24432132957633232,-0.4415035449407164,-0.4923756635109813,-0.23954578900008097,0.2301350376696076,-0.3034360888568658,0.14162504631716452,-0.4963713904447016,0.564992220655015,0.5335845989347577,-0.42940758683545716,0.3087517897351822,0.2301350376696076,0.7915379508654771,-0.4415035449407164,-0.43907916405929354,-0.25223670447641805,-0.25223670447641805,-0.15474864132052862,-0.3383927018709476,0.7233599091327768,-0.43907916405929354,-0.22006292058553387,-0.2899564352317404,0.7915379508654771,0.17403009019158683,0.17403009019158683,-0.46878974857551914,-0.34360804537282535,0.2213922505415686,-0.43907916405929354,-0.3076627899348988,-0.07274740703883462,-0.36774654239917587,-0.46444266377118726,-0.47385313324220574,0.3060577305734978,-0.07274740703883462,-0.13095707404189616,-0.13095707404189616,-0.12952653815605653,-0.5476953302106422,0.4540652119405022,-0.12952653815605653,-0.1510229433465496,-0.057603046176980095,0.32266355911757816,-0.07772852438062444,-0.07274740703883462,0.2890674455414839,-0.06523060776620533,0.031339309310899864,-0.05574370679002313,-0.25223670447641805,0.5180559947157914,0.6110138664402198,-0.0325499288858912,-0.3326450929492347,0.1354722656686255,-0.1468942381308029,-0.21790227368449014,-0.21790227368449014,-0.1510229433465496,0.5803009422456356,0.7915379508654771,-0.25784819512096246,-0.43907916405929354,Control
S00001174,-0.571556846608214,-0.571556846608214,0.3202149446818222,-0.33069384507781946,-0.07685402160806032,-0.5023426497371335,-0.24156635533443596,-0.6222934441679356,0.22814977023907135,-0.28105158263602664,-0.3086979670484301,-0.3086979670484301,-0.3086979670484301,-0.31909028853201626,-0.33069384507781946,-0.14649762864911,-0.10573595675405957,-0.33069384507781946,0.06143049865730021,0.46160137188028455,0.0625176176073767,0.35226669762469964,-0.4287019891076161,-0.3485708903920688,-0.5314856163546352,0.11895706731926917,-0.34323945913140763,-0.34323945913140763,-0.4977675142403834,0.1905767740804807,-0.5019778326371109,-0.5019778326371109,0.47393040576442635,-0.5607243396846481,-0.31909028853201626,-0.09258595513280607,0.008444339898410685,-0.049732265276115545,-0.4987608962533855,-0.07721759070369998,-0.4706369931104829,-0.2877560788241989,-0.5209495727456565,-0.3519979773047734,0.05823539074292929,-0.246916609310343,-0.15032976767319825,-0.07721759070369998,-0.18887070855263216,0.008444339898410685,-0.3086979670484301,-0.431900032858431,-0.431900032858431,0.10538075303920347,-0.3040420889273497,-0.16909022082589278,-0.3086979670484301,-0.2036363856080084,0.5047436113514356,-0.18887070855263216,-0.17241066022055584,-0.17241066022055584,-0.5019778326371109,0.32164005605114576,-0.34323945913140763,-0.3086979670484301,0.6974197734405172,0.7511597764379885,-0.06502655131091695,-0.33069384507781946,0.604511068439714,-0.03610006871246971,0.7511597764379885,-0.4053137362839431,-0.4053137362839431,0.11895706731926917,0.5004379789610046,-0.4010915632357779,0.11895706731926917,-0.058863067260081434,0.05321406087732453,-0.2790286110122431,-0.31909028853201626,0.7511597764379885,0.1905767740804807,-0.24156635533443596,0.2724345395768279,-0.22955665129679642,-0.431900032858431,0.3202149446818222,0.5977344967155633,0.5239114952814563,0.10072449568702606,-0.33907056969619864,0.3949144773584147,-0.3809484530634734,-0.3809484530634734,-0.058863067260081434,-0.342388376309728,-0.18887070855263216,-0.4977675142403834,-0.3086979670484301,Control
S00001168,-0.04284835817380769,-0.04284835817380769,0.19536975104972465,-0.5764734219349485,0.24835813668823767,-0.25655793814637634,0.05112981995511112,0.1861121338894346,-0.02420684991590362,0.004628646730219123,-0.23471885986188268,-0.23471885986188268,-0.23471885986188268,-0.2121557728301784,-0.5764734219349485,0.0957697848740507,0.1339949678021548,-0.5764734219349485,0.172557607239873,-0.069289952377814,-0.3419709899426244,-0.2189423910762131,-0.026116884367023262,0.003162764243139822,-0.1938429136828337,-0.12011038811182677,0.6171125713947762,0.6171125713947762,-0.39728106018543474,-0.2176409912360835,-0.5109627513393704,-0.5109627513393704,0.7135730086631935,0.1093132258248897,-0.2121557728301784,-0.3003620992238825,-0.11570160388966488,-0.04420239809976888,0.10153099878806197,0.2150238235655124,-0.024950355551172716,0.034846625215308034,0.3191341011234778,-0.34184851188008036,0.28792891736088166,-0.47434201359923994,-0.250785460765224,0.2150238235655124,-0.39097154101719694,-0.11570160388966488,-0.23471885986188268,-0.2314369984660973,-0.2314369984660973,-0.0563185643749995,-0.10155971102786504,-0.3102561721453999,-0.23471885986188268,0.12045991619355219,0.3368868344571034,-0.39097154101719694,0.10654857835317537,0.10654857835317537,-0.5109627513393704,0.10702864923350631,0.6171125713947762,-0.23471885986188268,-0.4064138115972447,-0.027775495037291507,-0.401030553431623,-0.5764734219349485,0.004712733410219442,0.2950289247841565,-0.027775495037291507,-0.4659927365996767,-0.4659927365996767,-0.12011038811182677,-0.458423134397492,0.4819223599400036,-0.12011038811182677,0.06600322825648684,0.00846066224313188,-0.21978680506245105,-0.2121557728301784,-0.027775495037291507,-0.2176409912360835,0.05112981995511112,0.2997244253216953,-0.30405006373378907,-0.2314369984660973,0.19536975104972465,-0.38210932989147917,0.7324958650386352,-0.27454062717983363,0.5418434893094115,-0.5454840053239667,0.22160842508448636,0.22160842508448636,0.06600322825648684,-0.040505896696677174,-0.39097154101719694,-0.39728106018543474,-0.23471885986188268,Control
S00001175,0.6919599982981357,0.6919599982981357,-0.5276742978625291,0.5046142471758871,0.15490992603782494,0.23149175395263805,0.1677812646170357,-0.15772014957131225,0.4580036858195088,-0.011655935340271902,0.3566744215978932,0.3566744215978932,0.3566744215978932,-0.5047949354500897,0.5046142471758871,0.5005697740200257,0.2777528227161558,0.5046142471758871,-0.42956124924701933,0.38020597861970984,0.08983049402582079,0.3574987447324254,-0.21644246636644118,-0.43076920969344656,-0.5537719328714031,-0.2913308307404495,0.144594577938467,0.144594577938467,0.15467483672443832,-0.5351965532326094,0.47616297378741085,0.47616297378741085,-0.5238481955288804,0.5585562523851325,-0.5047949354500897,0.2771666884122171,-0.1542173690569524,-0.22682278191021846,-0.393885744124274,0.045534888118623766,-0.12943881304270163,0.1406169728494152,-0.42161011800936116,-0.2950827566306628,0.0947204399891877,0.42617280658739704,0.0077631097044934825,0.045534888118623766,-0.31142704932401755,-0.1542173690569524,0.3566744215978932,-0.13118978874039397,-0.13118978874039397,0.09736321450206933,-0.34319078819928567,-0.20170209140968556,0.3566744215978932,-0.37952732094083186,-0.464026775874953,-0.31142704932401755,-0.10697584473302066,-0.10697584473302066,0.47616297378741085,0.3626819087050921,0.144594577938467,0.3566744215978932,-0.06594126291406303,0.05510570538095777,0.06572087815592349,0.5046142471758871,-0.6314396023894422,-0.06899095069683227,0.05510570538095777,0.6467261177690637,0.6467261177690637,-0.2913308307404495,0.20774159162121497,-0.16041931233994092,-0.2913308307404495,0.26130510184586697,0.06976033667594758,0.05764936125421776,-0.5047949354500897,0.05510570538095777,-0.5351965532326094,0.1677812646170357,-0.3307332036331955,-0.4231929401214643,-0.13118978874039397,-0.5276742978625291,-0.4541371300157567,0.7374924229408565,0.42975167967071826,-0.13688664106115378,0.22334264526691472,0.32934339160706794,0.32934339160706794,0.26130510184586697,-0.427717995252318,-0.31142704932401755,0.15467483672443832,0.3566744215978932,Control
S00001169,0.3580364742986829,0.3580364742986829,0.6461292190675582,-0.4370393143707884,0.30350883196377454,-0.5584441283363958,0.044377455235956015,0.6914698654242328,0.4000354754506761,0.10142579442975484,0.4453031879564471,0.4453031879564471,0.4453031879564471,-0.4197946014050893,-0.4370393143707884,0.38138678112082586,0.35398719058729766,-0.4370393143707884,-0.6014172231905288,-0.19543390811894126,-0.41762144131145035,-0.04154158806601211,-0.40213667979822354,-0.3345764250708352,-0.08072365422445181,-0.43355155127723605,0.6097711766918086,0.6097711766918086,-0.1457365248746738,-0.33687742088730194,-0.4589845753977757,-0.4589845753977757,-0.5186407676118967,0.128423283932663,-0.4197946014050893,-0.4092877762824764,0.04412690266816005,-0.34518544501411086,-0.15185768342695452,0.1862389688875204,0.056477491958782385,-0.003756714869699987,-0.21725032409289832,-0.5270964328359231,-0.06989751343820585,-0.4598915653631263,-0.17025159475769985,0.1862389688875204,-0.35189137943311816,0.04412690266816005,0.4453031879564471,-0.41216173762715186,-0.41216173762715186,0.012445785312730483,-0.341585687614841,0.4677644071571702,0.4453031879564471,-0.3166915744250023,-0.207035947386991,-0.35189137943311816,0.2327334529410038,0.2327334529410038,-0.4589845753977757,-0.27228857059046263,0.6097711766918086,0.4453031879564471,-0.5966768924488406,-0.5397116613755252,-0.38242870357061365,-0.4370393143707884,-0.5640616657010755,-0.0918705762087359,-0.5397116613755252,-0.5293800622182625,-0.5293800622182625,-0.43355155127723605,-0.5862560902057304,0.6160749616651594,-0.43355155127723605,0.3861863584733697,0.3909281400439536,-0.1914952399950694,-0.4197946014050893,-0.5397116613755252,-0.33687742088730194,0.044377455235956015,0.18243552656129192,-0.5563358568530905,-0.41216173762715186,0.6461292190675582,-0.09466182465707135,0.2746652997066792,0.31422290928415325,0.6388150889527333,-0.6374291586934218,0.621791037041254,0.621791037041254,0.3861863584733697,0.23623424288213093,-0.35189137943311816,-0.1457365248746738,0.4453031879564471,Control
S00001176,0.5968092135427805,0.5968092135427805,-0.24190453003349727,0.4293477189022629,0.19721182775293658,-0.5433318642635351,-0.3736936588068391,-0.158237259084576,0.0787827607332211,0.18977242961781474,-0.15726856581096313,-0.15726856581096313,-0.15726856581096313,0.21295656321707393,0.4293477189022629,0.588386523736542,0.30353260675065435,0.4293477189022629,-0.1522637188614453,-0.11576941591912145,-0.04427032663185534,0.01949539442024659,0.35779842337241746,-0.43714626001861023,0.16712582485222172,-0.15287691600078504,-0.6517436786371227,-0.6517436786371227,0.42138588013684786,-0.13244059235486558,0.5520799162773882,0.5520799162773882,-0.45494368818290937,0.522735793426433,0.21295656321707393,0.33494273736868047,-0.236635388797632,-0.32547328856278246,-0.11978696112612823,-0.06480057913605827,-0.037425947189446,0.28467356215902223,-0.3822786357176982,-0.47081755724650964,0.4017419536253692,-0.4876076538114727,0.3856748454291615,-0.06480057913605827,0.78983038775764,-0.236635388797632,-0.15726856581096313,0.30010851289294804,0.30010851289294804,-0.1587185056275127,-0.17423870512633374,0.42220521321948873,-0.15726856581096313,-0.11480300735260639,0.43473708323721094,0.78983038775764,0.09893868433217025,0.09893868433217025,0.5520799162773882,-0.3210065785904571,-0.6517436786371227,-0.15726856581096313,-0.05781173409453111,0.057340457921513224,0.21588769662302298,0.4293477189022629,-0.12654600411006095,0.18961112884793233,0.057340457921513224,-0.5955218196791585,-0.5955218196791585,-0.15287691600078504,0.09333108860146495,-0.06663449906188162,-0.15287691600078504,-0.508724587965699,-0.4559984227807536,0.24040873868855772,0.21295656321707393,0.057340457921513224,-0.13244059235486558,-0.3736936588068391,0.47032405844741815,0.0780588561488413,0.30010851289294804,-0.24190453003349727,-0.26635164841925024,0.4516071129852402,0.5496545419404562,0.6221438876894629,-0.6524919941583935,-0.33235813793486546,-0.33235813793486546,-0.508724587965699,0.3444417380044241,0.78983038775764,0.42138588013684786,-0.15726856581096313,Control
S00001170,-0.3780902251364981,-0.3780902251364981,-0.40754939940882867,0.6720934884929327,0.43240059622056093,0.7603735978957639,0.586678729757409,-0.5978537800517411,-0.0035619940195430345,0.5408483997863207,0.5879873619023446,0.5879873619023446,0.5879873619023446,-0.3876241069235243,0.6720934884929327,0.30645643825852825,0.3978163059743373,0.6720934884929327,-0.572316938641625,-0.3550707319690294,-0.3850394446613729,-0.4841187739540203,-0.44833069316879337,0.5397141937244393,-0.5303602463846179,-0.3196094132555671,0.5649544363380803,0.5649544363380803,-0.40941438393142765,-0.3979622366984025,0.7068346416699512,0.7068346416699512,0.5173186722249483,-0.14139911655603066,-0.3876241069235243,0.6561063343451132,0.06495249980283743,0.18959169556233918,-0.08360035670568285,0.529172411660706,0.18836811677950144,-0.47385211492401863,0.5863328852617926,-0.2386481823909613,0.5296913413063449,0.7156939535329139,-0.4298794497271428,0.529172411660706,0.8193772060026019,0.06495249980283743,0.5879873619023446,-0.401254414527083,-0.401254414527083,-0.4666327554245927,-0.029439676233220816,-0.15318475062204429,0.5879873619023446,0.5739855449590665,-0.46587684154683767,0.8193772060026019,0.5473473569588941,0.5473473569588941,0.7068346416699512,0.2485081578964885,0.5649544363380803,0.5879873619023446,0.6543158319859403,0.7356032233381802,-0.38659875586787923,0.6720934884929327,-0.6209348087678691,-0.4276726186486199,0.7356032233381802,0.5537367672099809,0.5537367672099809,-0.3196094132555671,0.3250026269356201,-0.31417376369043504,-0.3196094132555671,0.5661894553945287,0.5805247321666968,-0.20690259051501345,-0.3876241069235243,0.7356032233381802,-0.3979622366984025,0.586678729757409,-0.3616661602416584,0.10338169929939324,-0.401254414527083,-0.40754939940882867,-0.28090264934409165,-0.23452598029271118,-0.31962162617304457,-0.26827529974021086,0.3291299043048867,0.5848055282865547,0.5848055282865547,0.5661894553945287,0.6347769570727556,0.8193772060026019,-0.40941438393142765,0.5879873619023446,Control
S00001177,0.0062203928239913595,0.0062203928239913595,0.023433806105049842,0.24439191926080758,0.25212716964251886,0.09264080682488098,0.5673223111334158,-0.3888389043176239,-0.1250610325833109,0.4373107105806363,0.5962978629683606,0.5962978629683606,0.5962978629683606,0.5421880253618067,0.24439191926080758,0.2357611808163677,0.37760979389353544,0.24439191926080758,-0.5532730586362941,-0.1785837953125267,-0.0002699406644025677,-0.09291505655293894,0.11031770811348657,0.3504677782022794,0.5898919298597002,-0.016808815686335524,0.1853734626539301,0.1853734626539301,-0.10099426914562384,0.3837787399920566,0.3934249680223122,0.3934249680223122,-0.5704237095865873,0.4196287393474315,0.5421880253618067,0.670501902997849,-0.15096663020652812,-0.2480678380242515,0.7312448836334218,0.26730748124451414,0.020110677453454198,-0.45993637170920443,0.11999048442168964,0.04975237980014158,0.04921790616558397,0.7313122183609386,-0.28918506404916566,0.26730748124451414,0.2162601095532898,-0.15096663020652812,0.5962978629683606,0.07126256511719904,0.07126256511719904,-0.4356910250359961,0.02603636427257587,0.5055451128331806,0.5962978629683606,0.7119553807324903,-0.41637704207183834,0.2162601095532898,0.38086351662600754,0.38086351662600754,0.3934249680223122,-0.20525828115335545,0.1853734626539301,0.5962978629683606,0.5922371931273982,0.7112125151425703,-0.23576631918663724,0.24439191926080758,-0.6252344580406309,-0.401743218920485,0.7112125151425703,0.6597911174793425,0.6597911174793425,-0.016808815686335524,0.525432603892399,-0.4110019769118904,-0.016808815686335524,0.5037995235678592,0.47344555804548827,-0.12209406367018401,0.5421880253618067,0.7112125151425703,0.3837787399920566,0.5673223111334158,-0.3830296017894899,0.5637709295278789,0.07126256511719904,0.023433806105049842,0.19439324888570758,0.33970713149875265,-0.26810800187092815,-0.40395269956257146,0.5451345002034998,0.4766883308926379,0.4766883308926379,0.5037995235678592,0.2100190061876301,0.2162601095532898,-0.10099426914562384,0.5962978629683606,Control
S00001171,0.6608744302895286,0.6608744302895286,0.5679134211094615,0.19564946957157772,0.015293522933986826,0.26721108687900663,-0.04176800971804557,-0.5325844772557,0.02971203540328113,-0.1898925912377866,-0.4656833739378065,-0.4656833739378065,-0.4656833739378065,-0.14112464383026135,0.19564946957157772,0.13971500993260824,0.24612213334706592,0.19564946957157772,-0.26979306944676906,0.059984845989917754,0.14250270994934666,0.15882799524115693,-0.1757583499911896,-0.16505541573377897,0.407656764006006,-0.3454984308899143,0.10404002905394634,0.10404002905394634,-0.08149421396016128,-0.3287302118448568,-0.31742342197074996,-0.31742342197074996,-0.5034882007313526,0.7499999501815987,-0.14112464383026135,0.4125042076257829,-0.03836694419479542,0.07523860971740101,-0.10517308894581243,-0.2550659373581195,0.061431495822753104,0.09408726836945458,-0.12210926469485998,0.3448957423280881,-0.19500175723962793,-0.08710632872249482,0.08454263926882627,-0.2550659373581195,-0.19054114925827342,-0.03836694419479542,-0.4656833739378065,-0.3832703500842482,-0.3832703500842482,0.07409147609408638,-0.15385529116354896,0.712428315801118,-0.4656833739378065,0.016323238625860593,0.41512374260032103,-0.19054114925827342,-0.22267232303781706,-0.22267232303781706,-0.31742342197074996,-0.2765436204692319,0.10404002905394634,-0.4656833739378065,-0.1058161451109088,0.6085041814581655,-0.22110844382217765,0.19564946957157772,-0.23804972933581042,-0.42299996648933214,0.6085041814581655,-0.21670018495028576,-0.21670018495028576,-0.3454984308899143,-0.6136657878297441,0.5797555047771152,-0.3454984308899143,-0.19751396263284776,-0.130630383357332,-0.002614455363766847,-0.14112464383026135,0.6085041814581655,-0.3287302118448568,-0.04176800971804557,-0.008363615581917897,-0.3202037555096356,-0.3832703500842482,0.5679134211094615,-0.5566661630906865,0.04497936545991039,-0.33507920903266736,0.18315562883960945,-0.10553700939771225,-0.4068628260371887,-0.4068628260371887,-0.19751396263284776,-0.3933796883572199,-0.19054114925827342,-0.08149421396016128,-0.4656833739378065,Control
S00001178,-0.3402845209792789,-0.3402845209792789,-0.2520457656486493,0.7221808166192462,0.3466796818115248,-0.4898495895355836,0.42924464919511285,0.6848487164799529,0.18115030442031307,0.4524408644801223,0.608493468698448,0.608493468698448,0.608493468698448,-0.56764754815567,0.7221808166192462,0.6241962558249918,0.43635837199120114,0.7221808166192462,-0.1216985385070508,0.16819871917562984,-0.3425686614356996,-0.04936710751998524,-0.5627133407068194,-0.06935600246319891,-0.5526215276387323,-0.46711867796039713,0.4273427726053042,0.4273427726053042,-0.3343780844258273,-0.48825787947181865,0.8169146950246556,0.8169146950246556,0.5777495309999963,-0.003855658708521359,-0.56764754815567,-0.5772946780244647,-0.2975308607906045,-0.1412835598710946,-0.34352756971415127,0.3760520506610551,-0.2423194660046327,-0.17214208641980408,0.07982094096893742,-0.10504867022046423,-0.04361744481555312,-0.5150728028051454,-0.32863928559395755,0.3760520506610551,-0.342220343518034,-0.2975308607906045,0.608493468698448,-0.49404967132364463,-0.49404967132364463,-0.38981814393102443,-0.23199756097516896,0.4331493313138639,0.608493468698448,0.4401415607128796,-0.2718454947433367,-0.342220343518034,0.40081831379409283,0.40081831379409283,0.8169146950246556,-0.14928736123307887,0.4273427726053042,0.608493468698448,-0.5593651353374014,-0.4092789652864397,-0.35022243749506965,0.7221808166192462,-0.2858008263052472,0.1011551423818002,-0.4092789652864397,-0.09813361786067176,-0.09813361786067176,-0.46711867796039713,-0.09702179437514435,0.1559319986033669,-0.46711867796039713,0.4594223735046003,0.46879561213727167,-0.20573868043317786,-0.56764754815567,-0.4092789652864397,-0.48825787947181865,0.42924464919511285,-0.1413064196472302,-0.4510329709617748,-0.49404967132364463,-0.2520457656486493,-0.4579263264601268,0.6132430019437871,-0.4309629616966658,0.5677573800432925,-0.5554581198357049,0.4697058627655932,0.4697058627655932,0.4594223735046003,0.2891382790907449,-0.342220343518034,-0.3343780844258273,0.608493468698448,Control
S00001172,-0.3697244385671491,-0.3697244385671491,-0.33262793631283305,0.6278204290985652,0.43394304217660035,0.7068876733970285,0.5996735161932777,-0.6228551411154588,0.2735249423676078,0.5390261728117803,0.4867796399467419,0.4867796399467419,0.4867796399467419,-0.10911201491315509,0.6278204290985652,0.6140531224984909,0.49131034118336786,0.6278204290985652,-0.5841062574982587,-0.21351993935330912,-0.17929324176461223,-0.055518817473019774,-0.38787985406086245,-0.35943009936650355,0.1157127642745597,-0.30359622872521425,0.6851616517739085,0.6851616517739085,-0.4720054119251507,-0.2925458997421478,0.760028437865798,0.760028437865798,0.08583528063670652,0.00018148760596067574,-0.10911201491315509,0.539737436000244,0.015387535036233895,-0.45320991084902607,0.6579269849630055,0.43692211468739967,-0.044437537021689635,-0.5581975081416157,-0.5370492197158634,-0.38039514096121213,0.43322727172983794,-0.09676338643977696,-0.37368146811687003,0.43692211468739967,0.711343120157952,0.015387535036233895,0.4867796399467419,-0.34561723942410816,-0.34561723942410816,-0.48807795204979254,-0.4619808676445818,0.3552967695650917,0.4867796399467419,0.722480842920583,-0.49333428335617013,0.711343120157952,0.5630949005905809,0.5630949005905809,0.760028437865798,-0.23738774464420803,0.6851616517739085,0.4867796399467419,0.6530092251641593,0.34573454132220977,-0.38465400091180535,0.6278204290985652,0.11599585203566184,-0.41371094217849513,0.34573454132220977,0.6571374586990147,0.6571374586990147,-0.30359622872521425,0.28936957259627577,-0.3444609513928644,-0.30359622872521425,0.2921121833674296,0.35080815833480183,-0.1237311767913482,-0.10911201491315509,0.34573454132220977,-0.2925458997421478,0.5996735161932777,-0.36769985035096014,-0.08906716013821675,-0.34561723942410816,-0.33262793631283305,-0.3263937754596766,0.6502399347282999,-0.09243724965165578,-0.17335933473712012,0.1213335325270603,0.4612346804399468,0.4612346804399468,0.2921121833674296,0.6179095544109248,0.711343120157952,-0.4720054119251507,0.4867796399467419,Control
S00001179,-0.04730367138148857,-0.04730367138148857,0.13914408996302804,-0.010499005327790663,0.18542335531110346,0.7628233256529688,-0.17231777454572,-0.4205840843526565,0.47619339108689474,-0.0878955237582418,0.0017274430194207369,0.0017274430194207369,0.0017274430194207369,-0.3737505930310064,-0.010499005327790663,0.14047921427493745,-0.0860100444044221,-0.010499005327790663,-0.4819805328671876,0.018266090423028427,-0.32398855744157773,0.020148124705414654,-0.4770304084994537,-0.2668431426470526,-0.5270207503453084,-0.43775413868045376,-0.24063439718876806,-0.24063439718876806,-0.23405587341909903,-0.5032697063052373,-0.11510573336298935,-0.11510573336298935,-0.3340974533718441,-0.06384953984028846,-0.3737505930310064,-0.18442614176907673,-0.05677049513968777,-0.24701142786244107,-0.23081983178910584,0.2423459600202632,-0.15420334420768728,0.23817085417954292,-0.14914388513093244,-0.19204782660975855,0.5068369626758366,-0.5088683926406798,0.11264260580694088,0.2423459600202632,0.48503806922650844,-0.05677049513968777,0.0017274430194207369,-0.45899212115390686,-0.45899212115390686,-0.429396390429924,-0.43084482552382447,-0.03918580453806217,0.0017274430194207369,0.5423110904335565,0.4729517271676357,0.48503806922650844,0.16645233197820733,0.16645233197820733,-0.11510573336298935,-0.059889991231994795,-0.24063439718876806,0.0017274430194207369,-0.13501325166800676,0.27647777304350085,0.526701156066444,-0.010499005327790663,0.2455029614098851,0.09760559663282074,0.27647777304350085,-0.6474243777833902,-0.6474243777833902,-0.43775413868045376,-0.5841364835902352,0.5690069427068466,-0.43775413868045376,-0.26313362483025077,0.055016002514676726,-0.014004461769240417,-0.3737505930310064,0.27647777304350085,-0.5032697063052373,-0.17231777454572,0.5442499367441408,-0.5328079745573198,-0.45899212115390686,0.13914408996302804,-0.5701053976372987,0.6561545059723202,0.3951960709993854,0.5827938312889275,-0.6113517178622079,-0.11615945489073624,-0.11615945489073624,-0.26313362483025077,0.21024554891679095,0.48503806922650844,-0.23405587341909903,0.0017274430194207369,Control
S00001180,-0.5001893983944049,-0.5001893983944049,-0.4526971516749324,-0.18351013823037304,-0.04939659079685355,-0.5087229300451666,0.12422307132397604,-0.149309376153435,-0.23468340810623836,-0.0523918277873907,0.44471183229261746,0.44471183229261746,0.44471183229261746,0.6993581164256354,-0.18351013823037304,-0.08697712757119722,-0.2244758283255488,-0.18351013823037304,-0.37633166352336234,0.3220759975436721,0.6461989853332766,0.39898303518372435,0.7127685644745958,-0.15001878070659355,0.6290161001886704,0.6542982643383706,0.28242293902835636,0.28242293902835636,0.39870674820233337,0.6497111756214261,-0.3366144168583992,-0.3366144168583992,0.42547346977826705,0.24869969569777264,0.6993581164256354,-0.24816708471460713,-0.5214445742782942,-0.39024162354894504,0.3119489242959652,-0.058988635039866615,-0.5715113679877464,-0.012275216888196201,-0.46895036142348906,0.157580122514875,-0.1495606108217621,0.6509316845569973,-0.2331011468200332,-0.058988635039866615,-0.505414881772305,-0.5214445742782942,0.44471183229261746,0.7173844059016118,0.7173844059016118,0.6043297487064941,0.25590368850787054,-0.5371021800207832,0.44471183229261746,-0.5793501746748181,-0.28324956803895557,-0.505414881772305,-0.09686206069319642,-0.09686206069319642,-0.3366144168583992,0.3545079943313801,0.28242293902835636,0.44471183229261746,0.48561694870612193,-0.11838982404532943,0.022444240546517558,-0.18351013823037304,-0.17143948855087895,0.16203603096709424,-0.11838982404532943,0.6349583827056663,0.6349583827056663,0.6542982643383706,0.6303721794449859,-0.5309886468719541,0.6542982643383706,0.19980906646194116,0.12344122148193955,-0.06678510218810728,0.6993581164256354,-0.11838982404532943,0.6497111756214261,0.12422307132397604,-0.32158810596611814,0.48502384026512607,0.7173844059016118,-0.4526971516749324,0.5717279229477553,0.4366913480832957,-0.3702250684105156,-0.5201859264337009,0.590358459020171,0.31587666654947594,0.31587666654947594,0.19980906646194116,-0.32481736758631724,-0.505414881772305,0.39870674820233337,0.44471183229261746,Case
S00001187,-0.5774481659497678,-0.5774481659497678,-0.22637858900056962,0.023097907004226138,0.1574734167485266,-0.23796604351315934,-0.25985236592418,-0.5293723350140783,-0.18699835425716552,0.13644726336089552,-0.1591359972260411,-0.1591359972260411,-0.1591359972260411,0.6678578826366791,0.023097907004226138,0.33258516339375516,0.26597313405101186,0.023097907004226138,0.05906003921988533,0.36467636630018296,0.5354919910709418,0.3600095432004327,0.6617454473247086,-0.2770238480300228,0.6559087015450396,0.44067915773870503,0.5741071001928302,0.5741071001928302,-0.08990341629239483,0.4252243507773299,-0.10592521243853728,-0.10592521243853728,0.6376023746890583,-0.35632410202213743,0.6678578826366791,0.5251106419175847,-0.4081021856088926,-0.2936452303407984,0.4378600842882504,0.09741975055449173,-0.3558184386221107,-0.4622853517787891,-0.319872555157474,0.5072000152231411,-0.21940010697573245,0.5697941357418355,-0.3299212862287286,0.09741975055449173,0.009951134585943353,-0.4081021856088926,-0.1591359972260411,0.33937999938691793,0.33937999938691793,-0.3537770117119832,0.3955677528019512,-0.38890563060024735,-0.1591359972260411,0.3478493257113228,0.30864678786145605,0.009951134585943353,0.1788971003090205,0.1788971003090205,-0.10592521243853728,0.5734189413373826,0.5741071001928302,-0.1591359972260411,0.4894759514996497,0.45479022158731014,-0.337450050643534,0.023097907004226138,-0.33574450689723145,-0.3416452348751647,0.45479022158731014,-0.6004784857359574,-0.6004784857359574,0.44067915773870503,0.5504642434865227,-0.47300144272292155,0.44067915773870503,0.34087196543942955,0.33458884039225417,-0.47421291116283043,0.6678578826366791,0.45479022158731014,0.4252243507773299,-0.25985236592418,0.38983837120720394,0.4913551222108477,0.33937999938691793,-0.22637858900056962,0.08007127065896186,0.10231994817574795,-0.4114814417575353,-0.5049111850222732,0.5876394526792769,0.24029684806697715,0.24029684806697715,0.34087196543942955,0.004325896305703712,0.009951134585943353,-0.08990341629239483,-0.1591359972260411,Case
S00001194,0.3968215042450665,0.3968215042450665,0.6516521942258618,-0.20724525744543665,-0.33146965001792605,-0.3738682643443275,-0.12282182842216913,-0.492260585937491,-0.2904911562592471,-0.2623090527384575,-0.5669567480284445,-0.5669567480284445,-0.5669567480284445,0.7007416048332734,-0.20724525744543665,-0.2457463308566585,-0.0938398052200517,-0.20724525744543665,0.347677443234972,-0.14310924666905658,-0.11102268155443601,-0.2596046908573505,0.1426620417184025,0.6285965058778759,0.42135626078173444,0.18819103584827976,-0.09834140409191489,-0.09834140409191489,0.2121163080601496,0.681055317226452,-0.37608359120174417,-0.37608359120174417,2.085330386396203e-05,0.3051164886497439,0.7007416048332734,0.43918687201277684,0.3372939120349589,0.18692494504701304,0.7600313275107025,-0.36488445668843156,0.21095093346430022,-0.36420229767491835,0.37269093301864425,-0.19388577520946554,-0.2789481838218174,-0.10339261882315716,0.4183099469225565,-0.36488445668843156,0.008378809807687179,0.3372939120349589,-0.5669567480284445,0.2306221695571643,0.2306221695571643,-0.09622179762855718,0.36018012956609435,0.6375114214087731,-0.5669567480284445,0.0641557376887319,-0.09735362301362563,0.008378809807687179,-0.2746378255018855,-0.2746378255018855,-0.37608359120174417,-0.3155527701302007,-0.09834140409191489,-0.5669567480284445,0.7218593938583712,0.22561566738721817,-0.13743609167994697,-0.20724525744543665,0.6816205428655318,-0.29587115829693295,0.22561566738721817,0.5202929789582365,0.5202929789582365,0.18819103584827976,-0.610589962973709,0.4411441429159445,0.18819103584827976,-0.3621997950366085,-0.27858393640519563,0.4323263212541821,0.7007416048332734,0.22561566738721817,0.681055317226452,-0.12282182842216913,-0.07787666697771449,0.6348278202128875,0.2306221695571643,0.6516521942258618,0.6321925728566002,-0.4601863156644069,-0.019375951017008862,0.3849051393055727,-0.5486886756172737,-0.5081158600329466,-0.5081158600329466,-0.3621997950366085,-0.13881535307040338,0.008378809807687179,0.2121163080601496,-0.5669567480284445,Case
S00001181,-0.3606438924928431,-0.3606438924928431,-0.46624465432058004,0.44466254263910837,-0.06572470053862685,-0.1027776595867104,0.06771160354548504,0.02821368176269749,0.22546500255021645,0.11589347808017156,0.46088843827194603,0.46088843827194603,0.46088843827194603,-0.4963234679614221,0.44466254263910837,0.0463966890444432,0.03513955617853914,0.44466254263910837,0.3838243059500198,0.33530142775103233,0.305954047802665,0.30420417199909006,0.17216518610674336,-0.38416255375496267,-0.23533956936633166,0.03129058653823594,-0.36568310179212526,-0.36568310179212526,0.22217323641115685,-0.4238003706410312,0.46271479858268005,0.46271479858268005,0.11614615316418683,-0.3173590294077165,-0.4963234679614221,0.30216393939962816,-0.3095658822601921,-0.306883905364142,0.01291351905145308,-0.06485054691474319,-0.4021979914404853,-0.006678363807037171,-0.06696915675731538,0.32649423521820425,0.3414258487342647,0.606275843671082,0.46039264189982176,-0.06485054691474319,0.805495512807936,-0.3095658822601921,0.46088843827194603,0.3139446602028981,0.3139446602028981,0.33344470467631776,-0.19412692275345705,-0.20921712811540713,0.46088843827194603,-0.4841946914466715,-0.2969700962349928,0.805495512807936,0.06907914920651148,0.06907914920651148,0.46271479858268005,-0.22190265546943297,-0.36568310179212526,0.46088843827194603,0.15891661129626586,-0.1837246634470365,-0.025477793920587986,0.44466254263910837,0.24604139921700183,-0.19121303512808877,-0.1837246634470365,0.5923902870188222,0.5923902870188222,0.03129058653823594,-0.44868483481469945,0.3759858444712503,0.03129058653823594,-0.2116841590031042,-0.2636967028671615,0.5859603746477464,-0.4963234679614221,-0.1837246634470365,-0.4238003706410312,0.06771160354548504,-0.343242780769787,-0.3909619469917766,0.3139446602028981,-0.46624465432058004,-0.17118747794083314,-0.33944255005457924,-0.09209385090948365,0.334314862587595,-0.4428156518106649,0.1412006214487423,0.1412006214487423,-0.2116841590031042,0.434078452769603,0.805495512807936,0.22217323641115685,0.46088843827194603,Case
S00001188,0.6402363454844197,0.6402363454844197,0.11043653595177763,-0.5071341513084618,-0.36566362414744885,-0.408683082433623,-0.39139939032346543,-0.017976923552186698,-0.29326616753497936,-0.300731940815206,-0.16293448380997055,-0.16293448380997055,-0.16293448380997055,0.7482864782798364,-0.5071341513084618,-0.5351106488134958,-0.407544420301842,-0.5071341513084618,0.482644339193104,-0.2397322879851918,-0.033372206088908916,-0.3471785461425245,0.7042926799937369,0.653854293990344,0.4611133215031036,0.6143790042212985,-0.2966518424619278,-0.2966518424619278,0.3433292770138856,0.5848886693479796,-0.3246777613057204,-0.3246777613057204,-0.4485604137744033,0.7551809467379614,0.7482864782798364,0.10592131630677201,0.5301753750247272,0.4231607543301262,-0.32503000404715865,-0.3640869783168924,0.45871889947689043,0.005020539863454965,0.4642894174734914,-0.5281998811323338,-0.5259871545740568,-0.5076333364507,-0.08138444850549209,-0.3640869783168924,-0.5161712320342288,0.5301753750247272,-0.16293448380997055,0.22782283957040958,0.22782283957040958,0.6717271069156222,0.5528063911104155,-0.40978903587797244,-0.16293448380997055,-0.5798766335037482,0.48998165067627986,-0.5161712320342288,-0.12395535102329584,-0.12395535102329584,-0.3246777613057204,0.3153316773985104,-0.2966518424619278,-0.16293448380997055,0.2526512136407825,0.1868110961843094,0.5318815493632687,-0.5071341513084618,0.6600011832598107,-0.020346760282801135,0.1868110961843094,-0.5882476050235962,-0.5882476050235962,0.6143790042212985,0.4342079638561494,-0.3492251582743768,0.6143790042212985,-0.06581066002496354,-0.07867777843580953,-0.35078960319729807,0.7482864782798364,0.1868110961843094,0.5848886693479796,-0.39139939032346543,0.505294138188001,0.5762461484193095,0.22782283957040958,0.11043653595177763,0.5325679722033511,-0.5598731570694063,0.5160914818165884,-0.3274933804505461,0.4206991645496715,-0.31155560718692743,-0.31155560718692743,-0.06581066002496354,-0.47827875626684596,-0.5161712320342288,0.3433292770138856,-0.16293448380997055,Case
S00001195,0.5009443391233143,0.5009443391233143,-0.5869160697916423,0.07935720317081442,-0.07513397191160076,-0.4977399996612096,-0.10358589105359603,-0.47637685160184146,-0.3312151608961883,0.10375509260379036,0.20300764897169138,0.20300764897169138,0.20300764897169138,0.6695643568373452,0.07935720317081442,0.006219655928105627,-0.07191372646466619,0.07935720317081442,0.3652482034871153,0.31459623641557966,0.6497412957124453,0.3730760201050354,0.6973296589345835,-0.2739403168474377,0.6214196828213064,0.48860076831641325,0.6643999817962994,0.6643999817962994,0.2175908406271267,0.3844873671831783,-0.0003251367649206362,-0.0003251367649206362,0.1329163262648756,0.7085767581422652,0.6695643568373452,0.5946428681460976,0.12533714308792307,0.26256899494805497,0.6941294029287561,0.12988853450854163,0.0760743768362201,-0.22916621027153639,-0.2914044648087008,0.6243702672018541,-0.02727510496113984,0.7021804778187729,-0.2179969588051809,0.12988853450854163,0.04095223050646433,0.12533714308792307,0.20300764897169138,0.5042445324622269,0.5042445324622269,-0.12969201140294384,0.3633007953383643,-0.5254188846007198,0.20300764897169138,0.004830202703702233,-0.024185884430958357,0.04095223050646433,0.21308587435135,0.21308587435135,-0.0003251367649206362,0.404064558350306,0.6643999817962994,0.20300764897169138,0.42300382239994044,0.4086951116605592,0.14110441914608707,0.07935720317081442,0.39020895395380667,-0.18485380683513203,0.4086951116605592,-0.6053920246510512,-0.6053920246510512,0.48860076831641325,0.31772348789373456,-0.2424812928676378,0.48860076831641325,0.5374221270499159,0.4751597990689055,-0.4366485002461782,0.6695643568373452,0.4086951116605592,0.3844873671831783,-0.10358589105359603,0.3264395502999584,0.49585745180682683,0.5042445324622269,-0.5869160697916423,-0.01162345653732608,-0.08566018367849279,-0.25273717211421337,-0.24942310044641272,0.341106558968157,0.5158665080846392,0.5158665080846392,0.5374221270499159,0.2860682769626656,0.04095223050646433,0.2175908406271267,0.20300764897169138,Case
S00001182,0.04231952166810038,0.04231952166810038,0.11480656091675952,0.13836541825077553,-0.10389485380156852,0.2377974348233989,0.13567336195931753,0.05872628799509644,-0.2801144899905995,0.0927431960056015,0.42222017790077443,0.42222017790077443,0.42222017790077443,-0.27811024817088015,0.13836541825077553,-0.13490309280422486,-0.21444818549515704,0.13836541825077553,-0.15017634061685164,-0.32795327667915203,-0.40292001022292145,-0.3212070134625802,-0.3329975226262354,0.4358130433975972,-0.3646976627882505,-0.23824870498780226,-0.008785732983698797,-0.008785732983698797,0.4107483152636652,-0.2529836192236897,0.2567116819493269,0.2567116819493269,0.04913977846788366,-0.17780200879379754,-0.27811024817088015,-0.45097196904198983,0.0995004285899607,0.2005945039120063,-0.400309354229134,0.043960800123841494,0.19809241202680178,-0.06064517894439259,0.32073901473804045,0.20729253279583132,-0.24737685229336073,-0.5187318844099863,-0.12376171320185117,0.043960800123841494,-0.33923192347344605,0.0995004285899607,0.42222017790077443,0.43415047632028464,0.43415047632028464,0.12943511527197407,0.30302910882493456,0.03409009229995505,0.42222017790077443,-0.24296968855997764,-0.13137512000878476,-0.33923192347344605,0.1537672936015412,0.1537672936015412,0.2567116819493269,-0.2975201149210655,-0.008785732983698797,0.42222017790077443,-0.4454710564507137,-0.5263045357298598,-0.005046475922146348,0.13836541825077553,-0.026426926351756332,0.28489931997369833,-0.5263045357298598,-0.18207836511972963,-0.18207836511972963,-0.23824870498780226,-0.5827371626912095,-0.1198541603659306,-0.23824870498780226,0.09669918708342629,0.03527609496463599,-0.005398076419526055,-0.27811024817088015,-0.5263045357298598,-0.2529836192236897,0.13567336195931753,-0.12368770755785238,-0.0181583348374347,0.43415047632028464,0.11480656091675952,-0.17733478902609415,-0.19572604938970173,0.3181733726603364,-0.08242074731382887,-0.5878236979491308,0.4170744854528527,0.4170744854528527,0.09669918708342629,0.1508244439533885,-0.33923192347344605,0.4107483152636652,0.42222017790077443,Case
S00001189,-0.5446806371071701,-0.5446806371071701,0.5917495548506808,-0.05188038540304803,-0.2791958080763551,0.03438437857268841,0.016830812177190034,0.6323343027531239,0.3415350583778199,-0.26032436665357556,0.17618425812497365,0.17618425812497365,0.17618425812497365,-0.34081388677170243,-0.05188038540304803,-0.2781566697512979,0.11401161102825544,-0.05188038540304803,0.3082728463188122,0.2657053186001607,-0.1661389760447354,0.16029131239550015,-0.36502999368683975,-0.3891539601371541,-0.29961009616284057,-0.43939603689963036,-0.652899370348826,-0.652899370348826,-0.4570592658822733,-0.4058422986073254,-0.2642693283578953,-0.2642693283578953,0.2973143528753205,-0.5466632032249206,-0.34081388677170243,-0.4923588560006347,-0.12298917660337015,-0.16185258613135564,-0.5291798925981412,-0.4847744304017717,-0.4486538353737383,0.5523522497008904,-0.33815201695409147,-0.04496899196342406,-0.4142089310873749,-0.4583723906723766,0.5421292475775404,-0.4847744304017717,-0.4766344490201693,-0.12298917660337015,0.17618425812497365,-0.40686854117481264,-0.40686854117481264,0.6642583461826759,-0.07424882285860966,0.6634680614184848,0.17618425812497365,-0.6019887526520051,-0.21241968292212782,-0.4766344490201693,-0.4746101116822385,-0.4746101116822385,-0.2642693283578953,-0.37147004121986793,-0.652899370348826,0.17618425812497365,-0.5721111721344304,-0.5626596714884079,-0.49911929630546287,-0.05188038540304803,0.06409377912013611,-0.10699956405546161,-0.5626596714884079,0.4688510784228519,0.4688510784228519,-0.43939603689963036,-0.5947729955572829,0.5785476828028603,-0.43939603689963036,-0.3048690074833129,-0.3269679917954766,0.6168812488279923,-0.34081388677170243,-0.5626596714884079,-0.4058422986073254,0.016830812177190034,-0.17818063069227655,-0.4703889263361131,-0.40686854117481264,0.5917495548506808,-0.4904978675886094,-0.3018047687932608,-0.061583327832462,0.5727262385747759,-0.6039963665016157,0.01950743586738112,0.01950743586738112,-0.3048690074833129,-0.4639831429526385,-0.4766344490201693,-0.4570592658822733,0.17618425812497365,Case
S00001196,-0.26174481324141136,-0.26174481324141136,0.41159469254755265,-0.47422721569990167,0.22800471746755652,0.639205557060944,0.11286282120527716,0.36336214467737027,-0.06763032274058516,0.23763595866565637,-0.007152695429858687,-0.007152695429858687,-0.007152695429858687,0.671481604713051,-0.47422721569990167,-0.3469788239559206,-0.008479114154819747,-0.47422721569990167,-0.12339182720055192,-0.0020202680868611615,0.4029443169697103,0.34498573670032995,0.4810138323444034,-0.46562900870936424,0.5744916208836672,0.4313599665881111,0.6488585653071108,0.6488585653071108,-0.460926840885868,0.5754075851364513,-0.4812028869717153,-0.4812028869717153,0.32276992728441056,-0.5376574301944453,0.671481604713051,-0.3271556875730143,-0.5585771550903903,-0.5198795609058395,0.09768117263283169,0.4639617872402763,-0.5212450709291774,-0.24762965808356793,-0.5011826945128065,0.0016879215222367855,0.5568232686928805,0.6967833260700237,-0.34367737632291046,0.4639617872402763,0.7811902045564373,-0.5585771550903903,-0.007152695429858687,-0.457418392591416,-0.457418392591416,-0.37598240772059704,-0.2746042322240709,0.061373692505482726,-0.007152695429858687,0.3643081755919109,-0.4240204390627892,0.7811902045564373,0.5123116976355288,0.5123116976355288,-0.4812028869717153,0.4288726616319715,0.6488585653071108,-0.007152695429858687,-0.2613087671631831,-0.4990964684512674,-0.48565211187539925,-0.47422721569990167,-0.2874900418166117,0.2799774465239452,-0.4990964684512674,0.15737004409778724,0.15737004409778724,0.4313599665881111,0.6532224476404868,-0.5544213554585705,0.4313599665881111,0.4934071888483935,0.48147227685226396,-0.19020538052884572,0.671481604713051,-0.4990964684512674,0.5754075851364513,0.11286282120527716,-0.04756046677053988,0.3252250106184379,-0.457418392591416,0.41159469254755265,0.3743272760077521,0.09269161922742235,-0.00856364594812716,-0.5567308883352912,0.6241776172631729,0.4940532918222971,0.4940532918222971,0.4934071888483935,0.6118986719754483,0.7811902045564373,-0.460926840885868,-0.007152695429858687,Case
S00001183,0.2717428700486865,0.2717428700486865,-0.5750507894572587,0.01428534883439394,-0.1905475183965987,-0.5509569444390238,-0.18649421480006179,-0.6163016334278857,-0.07862154841192975,0.06773473265984493,-0.5379393962221386,-0.5379393962221386,-0.5379393962221386,-0.25009442334924353,0.01428534883439394,-0.256841788768366,0.22837256015475618,0.01428534883439394,0.6457352299898849,-0.3304319128694338,-0.2441836162693273,-0.37960423173784047,0.2868266078661449,0.295925258435148,-0.22636823709910817,-0.06575206233402757,-0.06682775228373672,-0.06682775228373672,0.02701203205598599,-0.4324273448043456,-0.13903216692673076,-0.13903216692673076,0.17481837926061283,0.4462485618459607,-0.25009442334924353,0.5740605568965694,0.5989546710120462,0.5670754977087104,-0.14370020897513644,-0.34358898965350426,0.60132536484232,0.09088825918164888,0.6644083632420867,-0.29663873423196846,-0.3901778716937022,0.6239351497421979,-0.10726919968879985,-0.34358898965350426,-0.41820720386424715,0.5989546710120462,-0.5379393962221386,0.17892873102494736,0.17892873102494736,0.4822412435865735,-0.005790168346765487,-0.29724569510619137,-0.5379393962221386,-0.449330128154846,0.5794415976137275,-0.41820720386424715,-0.1793666560097959,-0.1793666560097959,-0.13903216692673076,0.35241337315120214,-0.06682775228373672,-0.5379393962221386,0.05948780206805092,0.7353909530377187,0.010271754778654643,0.01428534883439394,0.42190495651951965,-0.11207028581546763,0.7353909530377187,-0.23939540584497682,-0.23939540584497682,-0.06575206233402757,0.5678012068383407,-0.496546831782543,-0.06575206233402757,-0.02723196793442761,-0.026808962132410304,-0.38985130431911,-0.25009442334924353,0.7353909530377187,-0.4324273448043456,-0.18649421480006179,0.1188217076994102,-0.12760140898633004,0.17892873102494736,-0.5750507894572587,-0.5858915732121007,-0.5646701988407651,-0.2136518401010775,-0.41700151299976684,0.46205454452124506,-0.459365546673623,-0.459365546673623,-0.02723196793442761,-0.42734901807852177,-0.41820720386424715,0.02701203205598599,-0.5379393962221386,Case
S00001190,0.47544493715883546,0.47544493715883546,0.3103631689862801,-0.10227629712955813,-0.2711525843486811,-0.4286557576370206,0.27851222055156255,-0.37011636768424355,0.039055844828893196,-0.14883748866593646,0.5587513723137322,0.5587513723137322,0.5587513723137322,-0.3129162386030697,-0.10227629712955813,-0.34876970061217805,-0.26670694795144945,-0.10227629712955813,0.6504098267691838,-0.11330421399630727,-0.3822160466329774,-0.37405342230207117,-0.5892927055442246,0.7670365555040606,-0.5430128918803987,-0.1214732856937439,0.24079331905250034,0.24079331905250034,-0.07780365925251083,-0.036602865188679674,-0.19338099916745588,-0.19338099916745588,-0.5729467911312235,0.23900847771459272,-0.3129162386030697,0.5351214716700867,0.4046746287478434,0.4251605276852543,-0.3927332637968371,-0.4172390508787722,0.5479309847757441,-0.29124636986365005,0.6771762227503385,-0.20220421617195017,-0.5183270483467503,-0.5223347872891044,0.42413304880725666,-0.4172390508787722,-0.49569211994928375,0.4046746287478434,0.5587513723137322,-0.4415542517020802,-0.4415542517020802,0.6383481128242545,0.21144838268684313,0.0938354665681957,0.5587513723137322,-0.572375668622703,-0.46350253542487857,-0.49569211994928375,-0.3984799414812534,-0.3984799414812534,-0.19338099916745588,-0.1812976734295578,0.24079331905250034,0.5587513723137322,0.6295666912471244,0.4639877296532791,0.21031831062800949,-0.10227629712955813,-0.5732607243448908,0.0341889151365332,0.4639877296532791,0.5788641935307554,0.5788641935307554,-0.1214732856937439,-0.6325864581035857,0.6263649176898703,-0.1214732856937439,-0.06416875550861129,-0.05806863416901479,0.4887362903473851,-0.3129162386030697,0.4639877296532791,-0.036602865188679674,0.27851222055156255,-0.4728302448107333,0.08153191665970823,-0.4415542517020802,0.3103631689862801,0.5144577105388822,-0.5649245327956411,0.5126535538802779,0.5909366608471812,-0.5679499065136879,0.3582859732144058,0.3582859732144058,-0.06416875550861129,-0.3803549213242099,-0.49569211994928375,-0.07780365925251083,0.5587513723137322,Case
S00001197,-0.3679204479976883,-0.3679204479976883,-0.3905227587562861,0.5921656721130657,-0.24714592193737567,0.15979411799520712,-0.4251756545422215,0.49759925220648615,0.1885383007848306,-0.15957971342514596,-0.3419462233375863,-0.3419462233375863,-0.3419462233375863,0.1852629714237004,0.5921656721130657,0.09688797588457532,0.0013111522065180365,0.5921656721130657,0.43123767746656044,-0.08947191381789876,-0.05753024796402844,-0.06483017645311087,0.5714568341840993,-0.37443318960006483,0.38773265607361596,-0.048115777759067765,-0.6440484609015049,-0.6440484609015049,-0.15865154830330516,-0.11809728475294275,0.4943030156432738,0.4943030156432738,0.04648316631037671,-0.26555348960106406,0.1852629714237004,-0.43076654604660725,0.2251147188029974,-0.01078465846993225,-0.3686227256347585,-0.3522669324449091,-0.07385723445372751,0.6050583756889408,-0.4327109373280835,-0.5319244364502835,-0.49405167503409186,0.5589924544215289,0.3872157016700183,-0.3522669324449091,-0.4480629501882541,0.2251147188029974,-0.3419462233375863,-0.20091865160821804,-0.20091865160821804,0.5459805810580904,0.053923653923956726,-0.027187325848766722,-0.3419462233375863,-0.5371800499837529,0.4913120603275397,-0.4480629501882541,-0.20782256724923623,-0.20782256724923623,0.4943030156432738,-0.23396483770609508,-0.6440484609015049,-0.3419462233375863,-0.5321765995499017,-0.5434527125949948,-0.277447650349382,0.5921656721130657,0.5189877662935012,-0.013356553883556825,-0.5434527125949948,-0.6061496058697664,-0.6061496058697664,-0.048115777759067765,-0.34949854911292794,0.37075404328125516,-0.048115777759067765,-0.5442242372422645,-0.5086783086244542,0.24172139844828697,0.1852629714237004,-0.5434527125949948,-0.11809728475294275,-0.4251756545422215,0.4638861632128285,0.020410894694744233,-0.20091865160821804,-0.3905227587562861,-0.5578121897166111,-0.5552083528123062,0.31784621228915144,0.5519737122287423,-0.6015360072323799,-0.4285464677499977,-0.4285464677499977,-0.5442242372422645,-0.48903407803094945,-0.4480629501882541,-0.15865154830330516,-0.3419462233375863,Case
S00001184,-0.16176922443350295,-0.16176922443350295,-0.28400889914888067,-0.48431933585323605,-0.22624530773145263,0.21933933498956962,-0.04527042619945548,0.09514599363944443,-0.4382375275097528,-0.13862935077261698,-0.18838475175220376,-0.18838475175220376,-0.18838475175220376,0.6474024867430824,-0.48431933585323605,-0.3959789550238131,-0.4734182145643146,-0.48431933585323605,0.5468796329944184,-0.13558723881343357,0.5378000385885747,0.13019254948942213,0.6458705620647268,0.11914946984719564,0.531086562798829,0.6675188956018173,-0.0589770347566245,-0.0589770347566245,0.3750330648084845,0.6539398020895973,0.1498991080227012,0.1498991080227012,0.3041097964196435,-0.5432651628998597,0.6474024867430824,-0.5596837556546653,-0.12907606279385203,0.06751889881102317,0.2255558079515027,-0.032823724337953435,0.06236884917687214,0.031298755662167124,0.2861490525444028,0.2516289361824479,0.1072740625674661,-0.29654700298998016,-0.11756376700809301,-0.032823724337953435,0.2561205083812726,-0.12907606279385203,-0.18838475175220376,0.5663503861680124,0.5663503861680124,0.22524712543568262,0.2652480511846148,-0.5030017998366969,-0.18838475175220376,-0.10370739766619909,0.0056780343478624005,0.2561205083812726,-0.001215860516457401,-0.001215860516457401,0.1498991080227012,0.10883861582757434,-0.0589770347566245,-0.18838475175220376,-0.21328061626251188,-0.36419643357287723,0.3609536217936773,-0.48431933585323605,-0.5179705954778595,0.4696559880883774,-0.36419643357287723,0.15080527083344034,0.15080527083344034,0.6675188956018173,0.4827975781728818,-0.22200350820461698,0.6675188956018173,-0.005899518139241417,-0.075655061182211,-0.10058407033351444,0.6474024867430824,-0.36419643357287723,0.6539398020895973,-0.04527042619945548,-0.023596943560340786,0.5778654224916369,0.5663503861680124,-0.28400889914888067,0.6181423679903771,-0.05096519502764121,-0.11061104098639342,-0.18331331725532016,0.46323987081700824,-0.36652479919536474,-0.36652479919536474,-0.005899518139241417,0.06945664409048886,0.2561205083812726,0.3750330648084845,-0.18838475175220376,Case
S00001191,0.04231952166810038,0.04231952166810038,-0.3247125189449038,-0.5367321265468235,0.05591758481105844,0.2547513329123412,0.43299689333347685,-0.0018809046745352045,-0.20732234928229265,0.1653078430801969,0.5095681664052725,0.5095681664052725,0.5095681664052725,0.29018312592884715,-0.5367321265468235,-0.5088836865257718,-0.4697640056419823,-0.5367321265468235,-0.15017634061685164,-0.32796207913116826,-0.1101683590773023,-0.4549313512734268,0.4353748236614564,0.7267900037926139,0.07705295721785341,0.5235560646966364,0.0752245000659225,0.0752245000659225,0.49752256320326943,0.5325188864127981,-0.017501386236630546,-0.017501386236630546,-0.19109546508742248,-0.17780200879379754,0.29018312592884715,0.11451759085698471,0.43759467765728516,0.4497457825736139,-0.400309354229134,0.039476883111042416,0.44769532105565335,-0.35144739549773263,0.6826268223285445,-0.22971294504700826,-0.3778991388594341,-0.3881602701026302,-0.1170980083856895,0.039476883111042416,-0.49557407970333495,0.43759467765728516,0.5095681664052725,0.5668116599108247,0.5668116599108247,0.12943511527197407,0.5311172036552968,-0.3706677157376035,0.5095681664052725,-0.24296968855997764,-0.48965880169508536,-0.49557407970333495,-0.19105565609073605,-0.19105565609073605,-0.017501386236630546,-0.3020401574825202,0.0752245000659225,0.5095681664052725,0.15848057601866547,0.17208215625203535,0.2545699741797452,-0.5367321265468235,-0.026426926351756332,-0.24044400287844156,0.17208215625203535,0.3467451806377706,0.3467451806377706,0.5235560646966364,-0.3637209883857141,0.2440606307148185,0.5235560646966364,0.13781607231434276,0.11899099745003205,0.0404734783412491,0.29018312592884715,0.17208215625203535,0.5325188864127981,0.43299689333347685,-0.3052687494217825,0.3460039208559506,0.5668116599108247,-0.3247125189449038,0.608079084272296,-0.19080003340115204,0.3074831078822015,-0.07535064140746443,0.05920101678476055,0.4181590770742618,0.4181590770742618,0.13781607231434276,-0.15928632292229788,-0.49557407970333495,0.49752256320326943,0.5095681664052725,Case
S00001198,0.04231952166810038,0.04231952166810038,0.015527389801337704,-0.4718170103194727,-0.14464812248620362,0.06599624943625845,-0.10313011777471776,0.5695256560099472,0.3644551051343495,-0.1999519625435015,0.13045864655845574,0.13045864655845574,0.13045864655845574,-0.45331730386939595,-0.4718170103194727,-0.46995053390215746,-0.39622676778073457,-0.4718170103194727,-0.15017634061685164,0.5560217614316632,0.20712588807518062,0.4940327513506557,-0.35155773025849985,-0.27367432796470853,-0.4492145336648547,0.0362673292438867,0.24333613610071209,0.24333613610071209,-0.03160898152404553,-0.013196501315950087,-0.30628799187982886,-0.30628799187982886,-0.27977459588214526,-0.17780200879379754,-0.45331730386939595,-0.4210862368110211,-0.3450863486873461,-0.3935286812772884,-0.400309354229134,-0.03397243621768685,-0.46690783243726613,-0.012698375749482953,-0.19865474761465735,0.11565891857492817,-0.29555244698935484,-0.5203582453446083,-0.30273377698834697,-0.03397243621768685,-0.3256331294692591,-0.3450863486873461,0.13045864655845574,-0.15433229141304472,-0.15433229141304472,0.12943511527197407,-0.3643787119881065,-0.4242568734229336,0.13045864655845574,-0.24296968855997764,0.2777902818792985,-0.3256331294692591,-0.03514640388527083,-0.03514640388527083,-0.30628799187982886,0.5139608838796103,0.24333613610071209,0.13045864655845574,-0.2219745506363954,-0.5690620858599237,0.6021806730826238,-0.4718170103194727,-0.026426926351756332,-0.14987181291797833,-0.5690620858599237,-0.4084438581774046,-0.4084438581774046,0.0362673292438867,0.6583549927935824,-0.5309896913905076,0.0362673292438867,0.3530769170700223,0.2563133485625073,-0.4188111632554144,-0.45331730386939595,-0.5690620858599237,-0.013196501315950087,-0.10313011777471776,0.10722707865190392,-0.29063586233530375,-0.15433229141304472,0.015527389801337704,0.5973550983882179,-0.18556991936702344,0.2581132156746376,-0.5670000161173058,0.630749446509381,0.27579466782744017,0.27579466782744017,0.3530769170700223,-0.13131992740307052,-0.3256331294692591,-0.03160898152404553,0.13045864655845574,Case
S00001185,-0.324329623484984,-0.324329623484984,-0.22310366854862565,-0.3348137048438883,-0.26721903612621456,0.1431388777883688,0.10817338135274684,-0.10336348906760291,-0.21102818143066496,-0.18699046277670686,-0.5233277772903396,-0.5233277772903396,-0.5233277772903396,0.0031582675983992657,-0.3348137048438883,-0.2469134448741324,-0.3774827855441411,-0.3348137048438883,-0.5432256527693725,0.039697234704342825,0.006648469389720269,-0.19285450926003864,-0.030097621383392874,0.6888619355491631,-0.29324910938599036,0.34114376760683285,-0.29934141614130627,-0.29934141614130627,0.5794801756615865,0.3009543404593964,-0.13667218653245275,-0.13667218653245275,0.1542323382530186,-0.3550561573851903,0.0031582675983992657,0.2985960203304391,0.208439633980775,0.24127805367807448,0.3920165636336811,-0.14620989457065262,0.0819446819623863,-0.2551516519622052,0.6395937681814667,0.2930054997913249,-0.24849005364143228,0.7572523313612787,0.4346818730597061,-0.14620989457065262,-0.11599837568676892,0.208439633980775,-0.5233277772903396,0.710859301108492,0.710859301108492,-0.43635658541835526,0.5211327442600164,-0.5225530442641021,-0.5233277772903396,0.5494440479482692,-0.4503904800778815,-0.11599837568676892,-0.1734576168572807,-0.1734576168572807,-0.13667218653245275,-0.025241182826162462,-0.29934141614130627,-0.5233277772903396,0.5194547729159948,0.24014080606248348,0.158016452890416,-0.3348137048438883,0.688111913399558,-0.06875574465368844,0.24014080606248348,0.6016770625632676,0.6016770625632676,0.34114376760683285,-0.42135134477272235,0.3752667821536494,0.34114376760683285,-0.4512916133836407,-0.22173208824608479,0.614013481454182,0.0031582675983992657,0.24014080606248348,0.3009543404593964,0.10817338135274684,-0.38970995572138467,0.2666657226552304,0.710859301108492,-0.22310366854862565,0.5630329460838708,-0.4458660300906854,-0.021303294172964497,0.3671941352241669,-0.41882248477353573,-0.5463919576712981,-0.5463919576712981,-0.4512916133836407,-0.15529605948402866,-0.11599837568676892,0.5794801756615865,-0.5233277772903396,Case
S00001192,-0.5177281026425395,-0.5177281026425395,0.30165043369259914,-0.3828584941599033,-0.30236784717470605,-0.5383256452881339,-0.2690888722468198,0.15718839484301883,-0.2553200236264218,-0.30086341704314196,-0.4714001405048775,-0.4714001405048775,-0.4714001405048775,-0.0570209476469046,-0.3828584941599033,-0.44317449045408347,-0.25294574186899166,-0.3828584941599033,0.48373471207557767,0.09621014082659364,0.36667768148837304,0.2376988709931588,-0.07154461588014518,-0.4857497080135366,0.47014095175659154,0.03234089806855415,-0.31909536808461497,-0.31909536808461497,-0.5430551953502445,0.09184700374596068,-0.22278603826130677,-0.22278603826130677,0.6381070586902684,-0.3755956139043392,-0.0570209476469046,-0.05551262198004563,-0.18895039115905152,0.03827969501557726,0.2982685884741941,-0.21992934193972682,-0.04042813159069145,0.1270320226985856,-0.4817768601097212,0.40343323495575184,-0.44399443283507684,-0.4315496990773781,-0.2092881030080915,-0.21992934193972682,-0.3102819697681236,-0.18895039115905152,-0.4714001405048775,-0.49666201104752783,-0.49666201104752783,-0.0958825314275892,-0.15839565848189327,0.18708821129453146,-0.4714001405048775,0.07043222066145902,0.4269642412126937,-0.3102819697681236,-0.22145158085159591,-0.22145158085159591,-0.22278603826130677,0.17838478218956927,-0.31909536808461497,-0.4714001405048775,-0.42036966226906997,-0.344207108275574,0.30275662488893396,-0.3828584941599033,-0.07544889523526468,0.3588691246194817,-0.344207108275574,-0.37740903816190396,-0.37740903816190396,0.03234089806855415,0.4483910520838917,-0.45240447216903806,0.03234089806855415,-0.0746790987257803,-0.2370814830059648,-0.3117365350778413,-0.0570209476469046,-0.344207108275574,0.09184700374596068,-0.2690888722468198,0.15916208959359304,-0.1937629193675851,-0.49666201104752783,0.30165043369259914,-0.07249838475300896,-0.5190042656441632,-0.42197745474329684,-0.6142281687226541,0.6531040145289281,-0.5443760914394917,-0.5443760914394917,-0.0746790987257803,-0.3657029554578139,-0.3102819697681236,-0.5430551953502445,-0.4714001405048775,Case
S00001199,0.5060297243682265,0.5060297243682265,-0.3707269921459335,0.4608533241192171,-0.04627451493241729,0.055248120343311065,-0.034375098539992294,0.6937001655229792,0.17275255054663904,0.26399682999759133,0.5169807851800923,0.5169807851800923,0.5169807851800923,-0.19920878808763512,0.4608533241192171,0.44338338334159305,0.14854883169110228,0.4608533241192171,0.6379500416605172,0.20762885072095735,-0.22739149811361944,0.09793521089512376,-0.16702469858231633,-0.41814678588520665,0.01333888268693998,-0.2869685849445222,-0.3442749405387824,-0.3442749405387824,-0.1923823092729051,-0.21469249345281252,0.8098093426031658,0.8098093426031658,-0.5319316915386344,0.2705807036900187,-0.19920878808763512,-0.5296002214699885,-0.1227605540993729,-0.06731025002473476,0.3218908247318866,0.018689897752787635,0.02993463234664756,0.3362389769887083,-0.3360429619912464,0.37453327308008516,0.2263285160202745,0.6663005991250788,-0.15876899027669703,0.018689897752787635,0.5165760737842049,-0.1227605540993729,0.5169807851800923,-0.5580401958838026,-0.5580401958838026,-0.5453456864572818,-0.4033491343070577,0.14006384010759693,0.5169807851800923,0.6607024072993215,0.5125702479067088,0.5165760737842049,0.12108941596675676,0.12108941596675676,0.8098093426031658,0.04154988168007225,-0.3442749405387824,0.5169807851800923,-0.5408214892453651,-0.44641210716819735,0.5484193977497775,0.4608533241192171,-0.09628529894067736,0.24513850023370348,-0.44641210716819735,-0.394418898641453,-0.394418898641453,-0.2869685849445222,0.22874372705756435,-0.318912063831446,-0.2869685849445222,0.09726095363468787,-0.05916349923616954,-0.3227600862494822,-0.19920878808763512,-0.44641210716819735,-0.21469249345281252,-0.034375098539992294,-0.10543087087129499,-0.3886572249625236,-0.5580401958838026,-0.3707269921459335,-0.42344194382821854,-0.4903244022598957,-0.27033991543383734,-0.5856975562102448,0.5253337084144559,0.26264119661047525,0.26264119661047525,0.09726095363468787,0.33158273752577017,0.5165760737842049,-0.1923823092729051,0.5169807851800923,Case
S00001186,-0.335568203110273,-0.335568203110273,-0.582214762501752,0.5706105129570643,-0.24393371228804064,0.341602024204765,-0.04666511076668603,0.357416795647274,-0.09192884330296773,-0.3106420271220528,-0.5461442726484615,-0.5461442726484615,-0.5461442726484615,-0.5211106451124052,0.5706105129570643,0.11979487664908879,-0.18520456478804045,0.5706105129570643,0.2724348719041731,-0.282430157291121,-0.28919012353212437,-0.4620770879508296,-0.1702510441001641,0.6261092676120604,-0.44452203087648445,-0.1963549757695158,-0.2683800204424031,-0.2683800204424031,0.4657010346510903,-0.4588909643946581,0.46546149311748547,0.46546149311748547,0.0249222794786858,-0.34273254538832554,-0.5211106451124052,-0.36869236810256056,0.4038667417948448,0.5577737031098662,-0.45103836976901934,-0.27527408327192715,0.45490882830807344,0.22074794220151403,0.6045849371593224,0.21922299138072857,-0.29429253555665874,-0.4867436540547882,0.4015573061642706,-0.27527408327192715,-0.5120187887939085,0.4038667417948448,-0.5461442726484615,0.5705039614227893,0.5705039614227893,0.2781786779824184,0.3681303657757491,-0.5482235226483778,-0.5461442726484615,-0.23315617298067953,-0.35142389073141234,-0.5120187887939085,-0.48972720904002026,-0.48972720904002026,0.46546149311748547,-0.11242974175615437,-0.2683800204424031,-0.5461442726484615,-0.4580369003467575,-0.3643307274576396,0.11235702914793413,0.5706105129570643,0.3167707757368545,0.2644141750978046,-0.3643307274576396,0.5800164045705853,0.5800164045705853,-0.1963549757695158,-0.27026810234496496,0.156802274683013,-0.1963549757695158,-0.39640518210764714,-0.38239138245569493,0.545628675848765,-0.5211106451124052,-0.3643307274576396,-0.4588909643946581,-0.04666511076668603,-0.24029645459858368,0.05862267700808786,0.5705039614227893,-0.582214762501752,-0.22590039732493303,-0.382050940453871,0.22509704072097703,0.2252362180733658,-0.3949468931756834,-0.595818334197241,-0.595818334197241,-0.39640518210764714,-0.29327564359994857,-0.5120187887939085,0.4657010346510903,-0.5461442726484615,Case
S00001193,-0.12278968595182504,-0.12278968595182504,0.6268446170258098,-0.3263800366988791,0.15576845876457762,0.7283101451383031,-0.2089799189892277,-0.05973661375026466,-0.18845468061555987,-0.0985673831064379,-0.4524836500959352,-0.4524836500959352,-0.4524836500959352,-0.37714570460166064,-0.3263800366988791,-0.22876233141096877,-0.17235661977149502,-0.3263800366988791,0.23280290032063922,-0.3600020411559943,0.0005609136901080176,-0.07545480363844463,-0.5095140932417483,-0.3367229667291982,-0.45509327557460505,-0.4820095378037053,0.14256733220396822,0.14256733220396822,0.2802586948651502,-0.4037842888069722,-0.2599147463094746,-0.2599147463094746,0.25192694358643053,-0.43239313036849636,-0.37714570460166064,-0.2766060328990279,0.0933716351227105,0.23727473924215298,0.2829923472217531,0.3050204009571978,0.21285923326119813,0.21282087940364638,-0.09866685715218981,0.22522161655259998,0.5654152844927134,-0.21702353380590692,-0.02308488656871073,0.3050204009571978,0.6673001938246461,0.0933716351227105,-0.4524836500959352,0.3768353695453278,0.3768353695453278,-0.4743163004676883,-0.2031849419745433,0.4191873655877306,-0.4524836500959352,0.5403584850279187,0.47048920065618033,0.6673001938246461,0.1612674294437622,0.1612674294437622,-0.2599147463094746,-0.11212373149510428,0.14256733220396822,-0.4524836500959352,-0.28390633245283897,-0.12281285062852249,0.23496653505824186,-0.3263800366988791,0.21767111377536513,0.4456321521735763,-0.12281285062852249,-0.4731870823530281,-0.4731870823530281,-0.4820095378037053,-0.34256750039080514,0.35511771721799434,-0.4820095378037053,-0.19788092575578875,-0.2511236246563,-0.12855892898428925,-0.37714570460166064,-0.12281285062852249,-0.4037842888069722,-0.2089799189892277,0.31804666689844463,-0.5920616339790641,0.3768353695453278,0.6268446170258098,-0.43441022757439246,-0.4287566886098338,-0.09708658332805031,0.31688808982452377,-0.34797340566011997,-0.2137229156081384,-0.2137229156081384,-0.19788092575578875,0.5064475105606749,0.6673001938246461,0.2802586948651502,-0.4524836500959352,Case
S00001200,0.5126554413660662,0.5126554413660662,0.16428491838762085,-0.34102325067654965,-0.14119652622366943,0.5174755297699316,-0.10554588962199962,0.5503447723915125,-0.3824960306274677,-0.3229447578230061,-0.4175081252599057,-0.4175081252599057,-0.4175081252599057,0.31769426859499467,-0.34102325067654965,-0.43210120851292544,-0.4518445775221071,-0.34102325067654965,0.1793194710432526,-0.16956677796184053,0.2670860902802505,-0.024138542596882844,0.4998839088420352,0.25753652301859103,0.5489009092093002,0.2942095431216148,-0.5340240893709438,-0.5340240893709438,0.5718543998781475,0.19559664961750642,-0.16138455286008213,-0.16138455286008213,-0.06963224245025541,0.22814690033229093,0.31769426859499467,-0.27344818925636305,0.23726445199423926,0.4229002286799169,-0.08100930197514844,0.08171409870238268,0.3685070245988334,0.5387473325931911,0.6478051833490811,0.23782239874533753,0.2542818803019909,-0.35443008358455974,-0.03572623639978178,0.08171409870238268,-0.49378587107597477,0.23726445199423926,-0.4175081252599057,0.620595251743804,0.620595251743804,-0.21818467495468521,0.39700888331727047,-0.33560430102142474,-0.4175081252599057,0.23993872274490943,-0.2627282341766519,-0.49378587107597477,-0.45759187924124495,-0.45759187924124495,-0.16138455286008213,0.13785063483767923,-0.5340240893709438,-0.4175081252599057,-0.5922606555368988,-0.5622464538719008,0.28086564246796153,-0.34102325067654965,-0.5546417875281592,0.4835410562578728,-0.5622464538719008,0.5909872630959853,0.5909872630959853,0.2942095431216148,0.4753471780704113,-0.42349259289671076,0.2942095431216148,-0.14823067937931347,-0.2531686586654915,0.06241582613927841,0.31769426859499467,-0.5622464538719008,0.19559664961750642,-0.10554588962199962,-0.15973738773290114,0.24903311048652213,0.620595251743804,0.16428491838762085,-0.07679761090040566,-0.543868982242942,-0.0027453720264529755,-0.5812802476649294,0.648298360530816,-0.5071923101155927,-0.5071923101155927,-0.14823067937931347,-0.5003204967184709,-0.49378587107597477,0.5718543998781475,-0.4175081252599057,Case
